GHO (CODE),GHO (DISPLAY),GHO (URL),PUBLISHSTATE (CODE),PUBLISHSTATE (DISPLAY),PUBLISHSTATE (URL),YEAR (CODE),YEAR (DISPLAY),YEAR (URL),REGION (CODE),REGION (DISPLAY),REGION (URL),WORLDBANKINCOMEGROUP (CODE),STARTYEAR,ENDYEAR,WORLDBANKINCOMEGROUP (DISPLAY),WORLDBANKINCOMEGROUP (URL),COUNTRY (CODE),COUNTRY (DISPLAY),COUNTRY (URL),Display Value,Numeric,Low,High,StdErr,StdDev,Comments
#indicator+code,#indicator+name,#indicator+url,#status+code,#status+name,,,#date+year,,#region+code,#region+name,,,#date+year+start,#date+year+end,,,#country+code,#country+name,,,#indicator+value+num,,,,,
CHOLERA_0000000002,Number of reported deaths from cholera,https://www.who.int/data/gho/indicator-metadata-registry/imr-details/2446,PUBLISHED,Published,,1965,1965,,SEAR,South-East Asia,,,1965,1965,,,NPL,Nepal,,97,97.00000,,,,,
CHOLERA_0000000002,Number of reported deaths from cholera,https://www.who.int/data/gho/indicator-metadata-registry/imr-details/2446,PUBLISHED,Published,,1993,1993,,SEAR,South-East Asia,,,1993,1993,,,NPL,Nepal,,0,0.00000,,,,,
CHOLERA_0000000002,Number of reported deaths from cholera,https://www.who.int/data/gho/indicator-metadata-registry/imr-details/2446,PUBLISHED,Published,,1994,1994,,SEAR,South-East Asia,,,1994,1994,,,NPL,Nepal,,0,0.00000,,,,,
CHOLERA_0000000002,Number of reported deaths from cholera,https://www.who.int/data/gho/indicator-metadata-registry/imr-details/2446,PUBLISHED,Published,,1995,1995,,SEAR,South-East Asia,,,1995,1995,,,NPL,Nepal,,0,0.00000,,,,,
CHOLERA_0000000002,Number of reported deaths from cholera,https://www.who.int/data/gho/indicator-metadata-registry/imr-details/2446,PUBLISHED,Published,,1971,1971,,SEAR,South-East Asia,,,1971,1971,,,NPL,Nepal,,0,0.00000,,,,,
CHOLERA_0000000002,Number of reported deaths from cholera,https://www.who.int/data/gho/indicator-metadata-registry/imr-details/2446,PUBLISHED,Published,,1972,1972,,SEAR,South-East Asia,,,1972,1972,,,NPL,Nepal,,0,0.00000,,,,,
CHOLERA_0000000002,Number of reported deaths from cholera,https://www.who.int/data/gho/indicator-metadata-registry/imr-details/2446,PUBLISHED,Published,,1973,1973,,SEAR,South-East Asia,,,1973,1973,,,NPL,Nepal,,0,0.00000,,,,,
CHOLERA_0000000002,Number of reported deaths from cholera,https://www.who.int/data/gho/indicator-metadata-registry/imr-details/2446,PUBLISHED,Published,,1974,1974,,SEAR,South-East Asia,,,1974,1974,,,NPL,Nepal,,0,0.00000,,,,,
CHOLERA_0000000002,Number of reported deaths from cholera,https://www.who.int/data/gho/indicator-metadata-registry/imr-details/2446,PUBLISHED,Published,,1975,1975,,SEAR,South-East Asia,,,1975,1975,,,NPL,Nepal,,0,0.00000,,,,,
CHOLERA_0000000002,Number of reported deaths from cholera,https://www.who.int/data/gho/indicator-metadata-registry/imr-details/2446,PUBLISHED,Published,,1976,1976,,SEAR,South-East Asia,,,1976,1976,,,NPL,Nepal,,1,1.00000,,,,,
CHOLERA_0000000002,Number of reported deaths from cholera,https://www.who.int/data/gho/indicator-metadata-registry/imr-details/2446,PUBLISHED,Published,,1977,1977,,SEAR,South-East Asia,,,1977,1977,,,NPL,Nepal,,4,4.00000,,,,,
CHOLERA_0000000002,Number of reported deaths from cholera,https://www.who.int/data/gho/indicator-metadata-registry/imr-details/2446,PUBLISHED,Published,,1978,1978,,SEAR,South-East Asia,,,1978,1978,,,NPL,Nepal,,10,10.00000,,,,,
CHOLERA_0000000002,Number of reported deaths from cholera,https://www.who.int/data/gho/indicator-metadata-registry/imr-details/2446,PUBLISHED,Published,,1979,1979,,SEAR,South-East Asia,,,1979,1979,,,NPL,Nepal,,0,0.00000,,,,,
CHOLERA_0000000002,Number of reported deaths from cholera,https://www.who.int/data/gho/indicator-metadata-registry/imr-details/2446,PUBLISHED,Published,,1980,1980,,SEAR,South-East Asia,,,1980,1980,,,NPL,Nepal,,0,0.00000,,,,,
CHOLERA_0000000002,Number of reported deaths from cholera,https://www.who.int/data/gho/indicator-metadata-registry/imr-details/2446,PUBLISHED,Published,,1989,1989,,SEAR,South-East Asia,,,1989,1989,,,NPL,Nepal,,2,2.00000,,,,,
CHOLERA_0000000002,Number of reported deaths from cholera,https://www.who.int/data/gho/indicator-metadata-registry/imr-details/2446,PUBLISHED,Published,,1990,1990,,SEAR,South-East Asia,,,1990,1990,,,NPL,Nepal,,495,495.00000,,,,,
CHOLERA_0000000002,Number of reported deaths from cholera,https://www.who.int/data/gho/indicator-metadata-registry/imr-details/2446,PUBLISHED,Published,,1992,1992,,SEAR,South-East Asia,,,1992,1992,,,NPL,Nepal,,15,15.00000,,,,,
CHOLERA_0000000002,Number of reported deaths from cholera,https://www.who.int/data/gho/indicator-metadata-registry/imr-details/2446,PUBLISHED,Published,,1991,1991,,SEAR,South-East Asia,,,1991,1991,,,NPL,Nepal,,873,873.00000,,,,,
CHOLERA_0000000002,Number of reported deaths from cholera,https://www.who.int/data/gho/indicator-metadata-registry/imr-details/2446,PUBLISHED,Published,,1996,1996,,SEAR,South-East Asia,,,1996,1996,,,NPL,Nepal,,1,1.00000,,,,,
CHOLERA_0000000002,Number of reported deaths from cholera,https://www.who.int/data/gho/indicator-metadata-registry/imr-details/2446,PUBLISHED,Published,,1969,1969,,SEAR,South-East Asia,,,1969,1969,,,NPL,Nepal,,6,6.00000,,,,,
CHOLERA_0000000002,Number of reported deaths from cholera,https://www.who.int/data/gho/indicator-metadata-registry/imr-details/2446,PUBLISHED,Published,,1981,1981,,SEAR,South-East Asia,,,1981,1981,,,NPL,Nepal,,0,0.00000,,,,,
CHOLERA_0000000002,Number of reported deaths from cholera,https://www.who.int/data/gho/indicator-metadata-registry/imr-details/2446,PUBLISHED,Published,,1958,1958,,SEAR,South-East Asia,,,1958,1958,,,NPL,Nepal,,384,384.00000,,,,,
CHOLERA_0000000002,Number of reported deaths from cholera,https://www.who.int/data/gho/indicator-metadata-registry/imr-details/2446,PUBLISHED,Published,,1966,1966,,SEAR,South-East Asia,,,1966,1966,,,NPL,Nepal,,0,0.00000,,,,,
CHOLERA_0000000002,Number of reported deaths from cholera,https://www.who.int/data/gho/indicator-metadata-registry/imr-details/2446,PUBLISHED,Published,,1968,1968,,SEAR,South-East Asia,,,1968,1968,,,NPL,Nepal,,17,17.00000,,,,,
CHOLERA_0000000002,Number of reported deaths from cholera,https://www.who.int/data/gho/indicator-metadata-registry/imr-details/2446,PUBLISHED,Published,,1970,1970,,SEAR,South-East Asia,,,1970,1970,,,NPL,Nepal,,1,1.00000,,,,,
CHOLERA_0000000002,Number of reported deaths from cholera,https://www.who.int/data/gho/indicator-metadata-registry/imr-details/2446,PUBLISHED,Published,,2009,2009,,SEAR,South-East Asia,,,2009,2009,,,NPL,Nepal,,0,0.00000,,,,,
CHOLERA_0000000002,Number of reported deaths from cholera,https://www.who.int/data/gho/indicator-metadata-registry/imr-details/2446,PUBLISHED,Published,,2007,2007,,SEAR,South-East Asia,,,2007,2007,,,NPL,Nepal,,0,0.00000,,,,,
CHOLERA_0000000002,Number of reported deaths from cholera,https://www.who.int/data/gho/indicator-metadata-registry/imr-details/2446,PUBLISHED,Published,,1997,1997,,SEAR,South-East Asia,,,1997,1997,,,NPL,Nepal,,0,0.00000,,,,,
CHOLERA_0000000002,Number of reported deaths from cholera,https://www.who.int/data/gho/indicator-metadata-registry/imr-details/2446,PUBLISHED,Published,,1998,1998,,SEAR,South-East Asia,,,1998,1998,,,NPL,Nepal,,17,17.00000,,,,,
CHOLERA_0000000002,Number of reported deaths from cholera,https://www.who.int/data/gho/indicator-metadata-registry/imr-details/2446,PUBLISHED,Published,,2010,2010,,SEAR,South-East Asia,,,2010,2010,,,NPL,Nepal,,9,9.00000,,,,,
CHOLERA_0000000001,Number of reported cases of cholera,https://www.who.int/data/gho/indicator-metadata-registry/imr-details/42,PUBLISHED,Published,,1965,1965,,SEAR,South-East Asia,,,1965,1965,,,NPL,Nepal,,727,,,,,,
CHOLERA_0000000001,Number of reported cases of cholera,https://www.who.int/data/gho/indicator-metadata-registry/imr-details/42,PUBLISHED,Published,,1993,1993,,SEAR,South-East Asia,,,1993,1993,,,NPL,Nepal,,31,,,,,,
CHOLERA_0000000001,Number of reported cases of cholera,https://www.who.int/data/gho/indicator-metadata-registry/imr-details/42,PUBLISHED,Published,,1994,1994,,SEAR,South-East Asia,,,1994,1994,,,NPL,Nepal,,32,,,,,,
CHOLERA_0000000001,Number of reported cases of cholera,https://www.who.int/data/gho/indicator-metadata-registry/imr-details/42,PUBLISHED,Published,,1995,1995,,SEAR,South-East Asia,,,1995,1995,,,NPL,Nepal,,157,,,,,,
CHOLERA_0000000001,Number of reported cases of cholera,https://www.who.int/data/gho/indicator-metadata-registry/imr-details/42,PUBLISHED,Published,,1971,1971,,SEAR,South-East Asia,,,1971,1971,,,NPL,Nepal,,4,,,,,,
CHOLERA_0000000001,Number of reported cases of cholera,https://www.who.int/data/gho/indicator-metadata-registry/imr-details/42,PUBLISHED,Published,,1972,1972,,SEAR,South-East Asia,,,1972,1972,,,NPL,Nepal,,1,,,,,,
CHOLERA_0000000001,Number of reported cases of cholera,https://www.who.int/data/gho/indicator-metadata-registry/imr-details/42,PUBLISHED,Published,,1973,1973,,SEAR,South-East Asia,,,1973,1973,,,NPL,Nepal,,7,,,,,,
CHOLERA_0000000001,Number of reported cases of cholera,https://www.who.int/data/gho/indicator-metadata-registry/imr-details/42,PUBLISHED,Published,,1974,1974,,SEAR,South-East Asia,,,1974,1974,,,NPL,Nepal,,8,,,,,,
CHOLERA_0000000001,Number of reported cases of cholera,https://www.who.int/data/gho/indicator-metadata-registry/imr-details/42,PUBLISHED,Published,,1975,1975,,SEAR,South-East Asia,,,1975,1975,,,NPL,Nepal,,260,,,,,,
CHOLERA_0000000001,Number of reported cases of cholera,https://www.who.int/data/gho/indicator-metadata-registry/imr-details/42,PUBLISHED,Published,,1976,1976,,SEAR,South-East Asia,,,1976,1976,,,NPL,Nepal,,185,,,,,,
CHOLERA_0000000001,Number of reported cases of cholera,https://www.who.int/data/gho/indicator-metadata-registry/imr-details/42,PUBLISHED,Published,,1977,1977,,SEAR,South-East Asia,,,1977,1977,,,NPL,Nepal,,428,,,,,,
CHOLERA_0000000001,Number of reported cases of cholera,https://www.who.int/data/gho/indicator-metadata-registry/imr-details/42,PUBLISHED,Published,,1978,1978,,SEAR,South-East Asia,,,1978,1978,,,NPL,Nepal,,1662,,,,,,
CHOLERA_0000000001,Number of reported cases of cholera,https://www.who.int/data/gho/indicator-metadata-registry/imr-details/42,PUBLISHED,Published,,1979,1979,,SEAR,South-East Asia,,,1979,1979,,,NPL,Nepal,,22,,,,,,
CHOLERA_0000000001,Number of reported cases of cholera,https://www.who.int/data/gho/indicator-metadata-registry/imr-details/42,PUBLISHED,Published,,1980,1980,,SEAR,South-East Asia,,,1980,1980,,,NPL,Nepal,,1,,,,,,
CHOLERA_0000000001,Number of reported cases of cholera,https://www.who.int/data/gho/indicator-metadata-registry/imr-details/42,PUBLISHED,Published,,1989,1989,,SEAR,South-East Asia,,,1989,1989,,,NPL,Nepal,,141,,,,,,
CHOLERA_0000000001,Number of reported cases of cholera,https://www.who.int/data/gho/indicator-metadata-registry/imr-details/42,PUBLISHED,Published,,1990,1990,,SEAR,South-East Asia,,,1990,1990,,,NPL,Nepal,,23888,,,,,,
CHOLERA_0000000001,Number of reported cases of cholera,https://www.who.int/data/gho/indicator-metadata-registry/imr-details/42,PUBLISHED,Published,,1992,1992,,SEAR,South-East Asia,,,1992,1992,,,NPL,Nepal,,798,,,,,,
CHOLERA_0000000001,Number of reported cases of cholera,https://www.who.int/data/gho/indicator-metadata-registry/imr-details/42,PUBLISHED,Published,,1991,1991,,SEAR,South-East Asia,,,1991,1991,,,NPL,Nepal,,30648,,,,,,
CHOLERA_0000000001,Number of reported cases of cholera,https://www.who.int/data/gho/indicator-metadata-registry/imr-details/42,PUBLISHED,Published,,1996,1996,,SEAR,South-East Asia,,,1996,1996,,,NPL,Nepal,,274,,,,,,
CHOLERA_0000000001,Number of reported cases of cholera,https://www.who.int/data/gho/indicator-metadata-registry/imr-details/42,PUBLISHED,Published,,1969,1969,,SEAR,South-East Asia,,,1969,1969,,,NPL,Nepal,,226,,,,,,
CHOLERA_0000000001,Number of reported cases of cholera,https://www.who.int/data/gho/indicator-metadata-registry/imr-details/42,PUBLISHED,Published,,1981,1981,,SEAR,South-East Asia,,,1981,1981,,,NPL,Nepal,,24,,,,,,
CHOLERA_0000000001,Number of reported cases of cholera,https://www.who.int/data/gho/indicator-metadata-registry/imr-details/42,PUBLISHED,Published,,1958,1958,,SEAR,South-East Asia,,,1958,1958,,,NPL,Nepal,,2706,,,,,,
CHOLERA_0000000001,Number of reported cases of cholera,https://www.who.int/data/gho/indicator-metadata-registry/imr-details/42,PUBLISHED,Published,,1966,1966,,SEAR,South-East Asia,,,1966,1966,,,NPL,Nepal,,2,,,,,,
CHOLERA_0000000001,Number of reported cases of cholera,https://www.who.int/data/gho/indicator-metadata-registry/imr-details/42,PUBLISHED,Published,,1968,1968,,SEAR,South-East Asia,,,1968,1968,,,NPL,Nepal,,34,,,,,,
CHOLERA_0000000001,Number of reported cases of cholera,https://www.who.int/data/gho/indicator-metadata-registry/imr-details/42,PUBLISHED,Published,,1970,1970,,SEAR,South-East Asia,,,1970,1970,,,NPL,Nepal,,391,,,,,,
CHOLERA_0000000001,Number of reported cases of cholera,https://www.who.int/data/gho/indicator-metadata-registry/imr-details/42,PUBLISHED,Published,,2009,2009,,SEAR,South-East Asia,,,2009,2009,,,NPL,Nepal,,82,,,,,,
CHOLERA_0000000001,Number of reported cases of cholera,https://www.who.int/data/gho/indicator-metadata-registry/imr-details/42,PUBLISHED,Published,,2007,2007,,SEAR,South-East Asia,,,2007,2007,,,NPL,Nepal,,264,,,,,,
CHOLERA_0000000001,Number of reported cases of cholera,https://www.who.int/data/gho/indicator-metadata-registry/imr-details/42,PUBLISHED,Published,,1997,1997,,SEAR,South-East Asia,,,1997,1997,,,NPL,Nepal,,245,,,,,,
CHOLERA_0000000001,Number of reported cases of cholera,https://www.who.int/data/gho/indicator-metadata-registry/imr-details/42,PUBLISHED,Published,,1998,1998,,SEAR,South-East Asia,,,1998,1998,,,NPL,Nepal,,1745,,,,,,
CHOLERA_0000000001,Number of reported cases of cholera,https://www.who.int/data/gho/indicator-metadata-registry/imr-details/42,PUBLISHED,Published,,2010,2010,,SEAR,South-East Asia,,,2010,2010,,,NPL,Nepal,,1790,,,,,,
CHOLERA_0000000001,Number of reported cases of cholera,https://www.who.int/data/gho/indicator-metadata-registry/imr-details/42,PUBLISHED,Published,,2011,2011,,SEAR,South-East Asia,,,2011,2011,,,NPL,Nepal,,12,,,,,,
CHOLERA_0000000001,Number of reported cases of cholera,https://www.who.int/data/gho/indicator-metadata-registry/imr-details/42,PUBLISHED,Published,,2012,2012,,SEAR,South-East Asia,,,2012,2012,,,NPL,Nepal,,34,34.00000,,,,,
CHOLERA_0000000002,Number of reported deaths from cholera,https://www.who.int/data/gho/indicator-metadata-registry/imr-details/2446,PUBLISHED,Published,,2012,2012,,SEAR,South-East Asia,,,2012,2012,,,NPL,Nepal,,0,0.00000,,,,,
CHOLERA_0000000001,Number of reported cases of cholera,https://www.who.int/data/gho/indicator-metadata-registry/imr-details/42,PUBLISHED,Published,,2014,2014,,SEAR,South-East Asia,,,2014,2014,,,NPL,Nepal,,933,933.00000,,,,,
CHOLERA_0000000002,Number of reported deaths from cholera,https://www.who.int/data/gho/indicator-metadata-registry/imr-details/2446,PUBLISHED,Published,,2014,2014,,SEAR,South-East Asia,,,2014,2014,,,NPL,Nepal,,2,2.00000,,,,,
CHOLERA_0000000001,Number of reported cases of cholera,https://www.who.int/data/gho/indicator-metadata-registry/imr-details/42,PUBLISHED,Published,,2015,2015,,SEAR,South-East Asia,,,2015,2015,,,NPL,Nepal,,80,80.00000,,,,,
CHOLERA_0000000002,Number of reported deaths from cholera,https://www.who.int/data/gho/indicator-metadata-registry/imr-details/2446,PUBLISHED,Published,,2015,2015,,SEAR,South-East Asia,,,2015,2015,,,NPL,Nepal,,0,0.00000,,,,,
CHOLERA_0000000001,Number of reported cases of cholera,https://www.who.int/data/gho/indicator-metadata-registry/imr-details/42,PUBLISHED,Published,,2016,2016,,SEAR,South-East Asia,,,2016,2016,,,NPL,Nepal,,169,169.00000,,,,,
CHOLERA_0000000002,Number of reported deaths from cholera,https://www.who.int/data/gho/indicator-metadata-registry/imr-details/2446,PUBLISHED,Published,,2016,2016,,SEAR,South-East Asia,,,2016,2016,,,NPL,Nepal,,0,0.00000,,,,,
WHS3_49,Poliomyelitis - number of reported cases,https://www.who.int/data/gho/indicator-metadata-registry/imr-details/51,PUBLISHED,Published,,2018,2018,,SEAR,South-East Asia,,,2018,2018,,,NPL,Nepal,,0,0.00000,,,,,
WHS3_49,Poliomyelitis - number of reported cases,https://www.who.int/data/gho/indicator-metadata-registry/imr-details/51,PUBLISHED,Published,,2017,2017,,SEAR,South-East Asia,,,2017,2017,,,NPL,Nepal,,0,0.00000,,,,,
WHS3_49,Poliomyelitis - number of reported cases,https://www.who.int/data/gho/indicator-metadata-registry/imr-details/51,PUBLISHED,Published,,2016,2016,,SEAR,South-East Asia,,,2016,2016,,,NPL,Nepal,,0,0.00000,,,,,
WHS3_49,Poliomyelitis - number of reported cases,https://www.who.int/data/gho/indicator-metadata-registry/imr-details/51,PUBLISHED,Published,,2015,2015,,SEAR,South-East Asia,,,2015,2015,,,NPL,Nepal,,0,0.00000,,,,,
WHS3_49,Poliomyelitis - number of reported cases,https://www.who.int/data/gho/indicator-metadata-registry/imr-details/51,PUBLISHED,Published,,2014,2014,,SEAR,South-East Asia,,,2014,2014,,,NPL,Nepal,,0,0.00000,,,,,
WHS3_49,Poliomyelitis - number of reported cases,https://www.who.int/data/gho/indicator-metadata-registry/imr-details/51,PUBLISHED,Published,,2013,2013,,SEAR,South-East Asia,,,2013,2013,,,NPL,Nepal,,0,0.00000,,,,,
WHS3_49,Poliomyelitis - number of reported cases,https://www.who.int/data/gho/indicator-metadata-registry/imr-details/51,PUBLISHED,Published,,2012,2012,,SEAR,South-East Asia,,,2012,2012,,,NPL,Nepal,,0,0.00000,,,,,
WHS3_49,Poliomyelitis - number of reported cases,https://www.who.int/data/gho/indicator-metadata-registry/imr-details/51,PUBLISHED,Published,,2011,2011,,SEAR,South-East Asia,,,2011,2011,,,NPL,Nepal,,0,0.00000,,,,,
WHS3_49,Poliomyelitis - number of reported cases,https://www.who.int/data/gho/indicator-metadata-registry/imr-details/51,PUBLISHED,Published,,2010,2010,,SEAR,South-East Asia,,,2010,2010,,,NPL,Nepal,,6,6.00000,,,,,
WHS3_49,Poliomyelitis - number of reported cases,https://www.who.int/data/gho/indicator-metadata-registry/imr-details/51,PUBLISHED,Published,,2009,2009,,SEAR,South-East Asia,,,2009,2009,,,NPL,Nepal,,0,0.00000,,,,,
WHS3_49,Poliomyelitis - number of reported cases,https://www.who.int/data/gho/indicator-metadata-registry/imr-details/51,PUBLISHED,Published,,2008,2008,,SEAR,South-East Asia,,,2008,2008,,,NPL,Nepal,,6,6.00000,,,,,
WHS3_49,Poliomyelitis - number of reported cases,https://www.who.int/data/gho/indicator-metadata-registry/imr-details/51,PUBLISHED,Published,,2007,2007,,SEAR,South-East Asia,,,2007,2007,,,NPL,Nepal,,5,5.00000,,,,,
WHS3_49,Poliomyelitis - number of reported cases,https://www.who.int/data/gho/indicator-metadata-registry/imr-details/51,PUBLISHED,Published,,2006,2006,,SEAR,South-East Asia,,,2006,2006,,,NPL,Nepal,,5,5.00000,,,,,
WHS3_49,Poliomyelitis - number of reported cases,https://www.who.int/data/gho/indicator-metadata-registry/imr-details/51,PUBLISHED,Published,,2005,2005,,SEAR,South-East Asia,,,2005,2005,,,NPL,Nepal,,4,4.00000,,,,,
WHS3_49,Poliomyelitis - number of reported cases,https://www.who.int/data/gho/indicator-metadata-registry/imr-details/51,PUBLISHED,Published,,2004,2004,,SEAR,South-East Asia,,,2004,2004,,,NPL,Nepal,,0,0.00000,,,,,
WHS3_49,Poliomyelitis - number of reported cases,https://www.who.int/data/gho/indicator-metadata-registry/imr-details/51,PUBLISHED,Published,,2003,2003,,SEAR,South-East Asia,,,2003,2003,,,NPL,Nepal,,0,0.00000,,,,,
WHS3_49,Poliomyelitis - number of reported cases,https://www.who.int/data/gho/indicator-metadata-registry/imr-details/51,PUBLISHED,Published,,2002,2002,,SEAR,South-East Asia,,,2002,2002,,,NPL,Nepal,,0,0.00000,,,,,
WHS3_49,Poliomyelitis - number of reported cases,https://www.who.int/data/gho/indicator-metadata-registry/imr-details/51,PUBLISHED,Published,,2001,2001,,SEAR,South-East Asia,,,2001,2001,,,NPL,Nepal,,0,0.00000,,,,,
WHS3_49,Poliomyelitis - number of reported cases,https://www.who.int/data/gho/indicator-metadata-registry/imr-details/51,PUBLISHED,Published,,2000,2000,,SEAR,South-East Asia,,,2000,2000,,,NPL,Nepal,,29,29.00000,,,,,
WHS3_49,Poliomyelitis - number of reported cases,https://www.who.int/data/gho/indicator-metadata-registry/imr-details/51,PUBLISHED,Published,,1999,1999,,SEAR,South-East Asia,,,1999,1999,,,NPL,Nepal,,42,42.00000,,,,,
WHS3_49,Poliomyelitis - number of reported cases,https://www.who.int/data/gho/indicator-metadata-registry/imr-details/51,PUBLISHED,Published,,1998,1998,,SEAR,South-East Asia,,,1998,1998,,,NPL,Nepal,,31,31.00000,,,,,
WHS3_49,Poliomyelitis - number of reported cases,https://www.who.int/data/gho/indicator-metadata-registry/imr-details/51,PUBLISHED,Published,,1997,1997,,SEAR,South-East Asia,,,1997,1997,,,NPL,Nepal,,12,12.00000,,,,,
WHS3_49,Poliomyelitis - number of reported cases,https://www.who.int/data/gho/indicator-metadata-registry/imr-details/51,PUBLISHED,Published,,1996,1996,,SEAR,South-East Asia,,,1996,1996,,,NPL,Nepal,,9,9.00000,,,,,
WHS3_49,Poliomyelitis - number of reported cases,https://www.who.int/data/gho/indicator-metadata-registry/imr-details/51,PUBLISHED,Published,,1995,1995,,SEAR,South-East Asia,,,1995,1995,,,NPL,Nepal,,9,9.00000,,,,,
WHS3_49,Poliomyelitis - number of reported cases,https://www.who.int/data/gho/indicator-metadata-registry/imr-details/51,PUBLISHED,Published,,1994,1994,,SEAR,South-East Asia,,,1994,1994,,,NPL,Nepal,,2,2.00000,,,,,
WHS3_49,Poliomyelitis - number of reported cases,https://www.who.int/data/gho/indicator-metadata-registry/imr-details/51,PUBLISHED,Published,,1993,1993,,SEAR,South-East Asia,,,1993,1993,,,NPL,Nepal,,2,2.00000,,,,,
WHS3_49,Poliomyelitis - number of reported cases,https://www.who.int/data/gho/indicator-metadata-registry/imr-details/51,PUBLISHED,Published,,1992,1992,,SEAR,South-East Asia,,,1992,1992,,,NPL,Nepal,,3,3.00000,,,,,
WHS3_49,Poliomyelitis - number of reported cases,https://www.who.int/data/gho/indicator-metadata-registry/imr-details/51,PUBLISHED,Published,,1991,1991,,SEAR,South-East Asia,,,1991,1991,,,NPL,Nepal,,12,12.00000,,,,,
WHS3_49,Poliomyelitis - number of reported cases,https://www.who.int/data/gho/indicator-metadata-registry/imr-details/51,PUBLISHED,Published,,1990,1990,,SEAR,South-East Asia,,,1990,1990,,,NPL,Nepal,,6,6.00000,,,,,
WHS3_49,Poliomyelitis - number of reported cases,https://www.who.int/data/gho/indicator-metadata-registry/imr-details/51,PUBLISHED,Published,,1989,1989,,SEAR,South-East Asia,,,1989,1989,,,NPL,Nepal,,34,34.00000,,,,,
WHS3_49,Poliomyelitis - number of reported cases,https://www.who.int/data/gho/indicator-metadata-registry/imr-details/51,PUBLISHED,Published,,1988,1988,,SEAR,South-East Asia,,,1988,1988,,,NPL,Nepal,,9,9.00000,,,,,
WHS3_49,Poliomyelitis - number of reported cases,https://www.who.int/data/gho/indicator-metadata-registry/imr-details/51,PUBLISHED,Published,,1987,1987,,SEAR,South-East Asia,,,1987,1987,,,NPL,Nepal,,7,7.00000,,,,,
WHS3_49,Poliomyelitis - number of reported cases,https://www.who.int/data/gho/indicator-metadata-registry/imr-details/51,PUBLISHED,Published,,1986,1986,,SEAR,South-East Asia,,,1986,1986,,,NPL,Nepal,,10,10.00000,,,,,
WHS3_49,Poliomyelitis - number of reported cases,https://www.who.int/data/gho/indicator-metadata-registry/imr-details/51,PUBLISHED,Published,,1985,1985,,SEAR,South-East Asia,,,1985,1985,,,NPL,Nepal,,30,30.00000,,,,,
WHS3_49,Poliomyelitis - number of reported cases,https://www.who.int/data/gho/indicator-metadata-registry/imr-details/51,PUBLISHED,Published,,1984,1984,,SEAR,South-East Asia,,,1984,1984,,,NPL,Nepal,,76,76.00000,,,,,
WHS3_49,Poliomyelitis - number of reported cases,https://www.who.int/data/gho/indicator-metadata-registry/imr-details/51,PUBLISHED,Published,,1983,1983,,SEAR,South-East Asia,,,1983,1983,,,NPL,Nepal,,66,66.00000,,,,,
WHS3_49,Poliomyelitis - number of reported cases,https://www.who.int/data/gho/indicator-metadata-registry/imr-details/51,PUBLISHED,Published,,1982,1982,,SEAR,South-East Asia,,,1982,1982,,,NPL,Nepal,,66,66.00000,,,,,
WHS3_49,Poliomyelitis - number of reported cases,https://www.who.int/data/gho/indicator-metadata-registry/imr-details/51,PUBLISHED,Published,,1981,1981,,SEAR,South-East Asia,,,1981,1981,,,NPL,Nepal,,9,9.00000,,,,,
WHS3_49,Poliomyelitis - number of reported cases,https://www.who.int/data/gho/indicator-metadata-registry/imr-details/51,PUBLISHED,Published,,1980,1980,,SEAR,South-East Asia,,,1980,1980,,,NPL,Nepal,,52,52.00000,,,,,
WHS3_41,Diphtheria - number of reported cases,https://www.who.int/data/gho/indicator-metadata-registry/imr-details/43,PUBLISHED,Published,,1974,1974,,SEAR,South-East Asia,,WB_LMI,1974,1974,Lower-middle-income,,NPL,Nepal,,82,82.00000,,,,,
WHS3_41,Diphtheria - number of reported cases,https://www.who.int/data/gho/indicator-metadata-registry/imr-details/43,PUBLISHED,Published,,1976,1976,,SEAR,South-East Asia,,WB_LMI,1976,1976,Lower-middle-income,,NPL,Nepal,,46,46.00000,,,,,
WHS3_41,Diphtheria - number of reported cases,https://www.who.int/data/gho/indicator-metadata-registry/imr-details/43,PUBLISHED,Published,,1977,1977,,SEAR,South-East Asia,,WB_LMI,1977,1977,Lower-middle-income,,NPL,Nepal,,60,60.00000,,,,,
WHS3_41,Diphtheria - number of reported cases,https://www.who.int/data/gho/indicator-metadata-registry/imr-details/43,PUBLISHED,Published,,1978,1978,,SEAR,South-East Asia,,WB_LMI,1978,1978,Lower-middle-income,,NPL,Nepal,,171,171.00000,,,,,
WHS3_41,Diphtheria - number of reported cases,https://www.who.int/data/gho/indicator-metadata-registry/imr-details/43,PUBLISHED,Published,,1979,1979,,SEAR,South-East Asia,,WB_LMI,1979,1979,Lower-middle-income,,NPL,Nepal,,197,197.00000,,,,,
WHS3_41,Diphtheria - number of reported cases,https://www.who.int/data/gho/indicator-metadata-registry/imr-details/43,PUBLISHED,Published,,1980,1980,,SEAR,South-East Asia,,WB_LMI,1980,1980,Lower-middle-income,,NPL,Nepal,,82,82.00000,,,,,
WHS3_41,Diphtheria - number of reported cases,https://www.who.int/data/gho/indicator-metadata-registry/imr-details/43,PUBLISHED,Published,,1981,1981,,SEAR,South-East Asia,,WB_LMI,1981,1981,Lower-middle-income,,NPL,Nepal,,20,20.00000,,,,,
WHS3_41,Diphtheria - number of reported cases,https://www.who.int/data/gho/indicator-metadata-registry/imr-details/43,PUBLISHED,Published,,1982,1982,,SEAR,South-East Asia,,WB_LMI,1982,1982,Lower-middle-income,,NPL,Nepal,,111,111.00000,,,,,
WHS3_41,Diphtheria - number of reported cases,https://www.who.int/data/gho/indicator-metadata-registry/imr-details/43,PUBLISHED,Published,,1983,1983,,SEAR,South-East Asia,,WB_LMI,1983,1983,Lower-middle-income,,NPL,Nepal,,115,115.00000,,,,,
WHS3_41,Diphtheria - number of reported cases,https://www.who.int/data/gho/indicator-metadata-registry/imr-details/43,PUBLISHED,Published,,1984,1984,,SEAR,South-East Asia,,WB_LMI,1984,1984,Lower-middle-income,,NPL,Nepal,,1293,1293.00000,,,,,
WHS3_41,Diphtheria - number of reported cases,https://www.who.int/data/gho/indicator-metadata-registry/imr-details/43,PUBLISHED,Published,,1985,1985,,SEAR,South-East Asia,,WB_LMI,1985,1985,Lower-middle-income,,NPL,Nepal,,1156,1156.00000,,,,,
WHS3_41,Diphtheria - number of reported cases,https://www.who.int/data/gho/indicator-metadata-registry/imr-details/43,PUBLISHED,Published,,1986,1986,,SEAR,South-East Asia,,WB_LMI,1986,1986,Lower-middle-income,,NPL,Nepal,,11,11.00000,,,,,
WHS3_41,Diphtheria - number of reported cases,https://www.who.int/data/gho/indicator-metadata-registry/imr-details/43,PUBLISHED,Published,,1987,1987,,SEAR,South-East Asia,,WB_LMI,1987,1987,Lower-middle-income,,NPL,Nepal,,15,15.00000,,,,,
WHS3_41,Diphtheria - number of reported cases,https://www.who.int/data/gho/indicator-metadata-registry/imr-details/43,PUBLISHED,Published,,1988,1988,,SEAR,South-East Asia,,WB_LMI,1988,1988,Lower-middle-income,,NPL,Nepal,,13,13.00000,,,,,
WHS3_41,Diphtheria - number of reported cases,https://www.who.int/data/gho/indicator-metadata-registry/imr-details/43,PUBLISHED,Published,,1989,1989,,SEAR,South-East Asia,,WB_LMI,1989,1989,Lower-middle-income,,NPL,Nepal,,3,3.00000,,,,,
WHS3_41,Diphtheria - number of reported cases,https://www.who.int/data/gho/indicator-metadata-registry/imr-details/43,PUBLISHED,Published,,1990,1990,,SEAR,South-East Asia,,WB_LMI,1990,1990,Lower-middle-income,,NPL,Nepal,,7,7.00000,,,,,
WHS3_41,Diphtheria - number of reported cases,https://www.who.int/data/gho/indicator-metadata-registry/imr-details/43,PUBLISHED,Published,,1991,1991,,SEAR,South-East Asia,,WB_LMI,1991,1991,Lower-middle-income,,NPL,Nepal,,15,15.00000,,,,,
WHS3_41,Diphtheria - number of reported cases,https://www.who.int/data/gho/indicator-metadata-registry/imr-details/43,PUBLISHED,Published,,1992,1992,,SEAR,South-East Asia,,WB_LMI,1992,1992,Lower-middle-income,,NPL,Nepal,,16,16.00000,,,,,
WHS3_41,Diphtheria - number of reported cases,https://www.who.int/data/gho/indicator-metadata-registry/imr-details/43,PUBLISHED,Published,,1993,1993,,SEAR,South-East Asia,,WB_LMI,1993,1993,Lower-middle-income,,NPL,Nepal,,4,4.00000,,,,,
WHS3_41,Diphtheria - number of reported cases,https://www.who.int/data/gho/indicator-metadata-registry/imr-details/43,PUBLISHED,Published,,1994,1994,,SEAR,South-East Asia,,WB_LMI,1994,1994,Lower-middle-income,,NPL,Nepal,,16,16.00000,,,,,
WHS3_41,Diphtheria - number of reported cases,https://www.who.int/data/gho/indicator-metadata-registry/imr-details/43,PUBLISHED,Published,,1995,1995,,SEAR,South-East Asia,,WB_LMI,1995,1995,Lower-middle-income,,NPL,Nepal,,2038,2038.00000,,,,,
WHS3_41,Diphtheria - number of reported cases,https://www.who.int/data/gho/indicator-metadata-registry/imr-details/43,PUBLISHED,Published,,1996,1996,,SEAR,South-East Asia,,WB_LMI,1996,1996,Lower-middle-income,,NPL,Nepal,,1372,1372.00000,,,,,
WHS3_41,Diphtheria - number of reported cases,https://www.who.int/data/gho/indicator-metadata-registry/imr-details/43,PUBLISHED,Published,,1997,1997,,SEAR,South-East Asia,,WB_LMI,1997,1997,Lower-middle-income,,NPL,Nepal,,726,726.00000,,,,,
WHS3_41,Diphtheria - number of reported cases,https://www.who.int/data/gho/indicator-metadata-registry/imr-details/43,PUBLISHED,Published,,1998,1998,,SEAR,South-East Asia,,WB_LMI,1998,1998,Lower-middle-income,,NPL,Nepal,,511,511.00000,,,,,
WHS3_41,Diphtheria - number of reported cases,https://www.who.int/data/gho/indicator-metadata-registry/imr-details/43,PUBLISHED,Published,,2000,2000,,SEAR,South-East Asia,,WB_LMI,2000,2000,Lower-middle-income,,NPL,Nepal,,268,268.00000,,,,,
WHS3_41,Diphtheria - number of reported cases,https://www.who.int/data/gho/indicator-metadata-registry/imr-details/43,PUBLISHED,Published,,2001,2001,,SEAR,South-East Asia,,WB_LMI,2001,2001,Lower-middle-income,,NPL,Nepal,,390,390.00000,,,,,
WHS3_41,Diphtheria - number of reported cases,https://www.who.int/data/gho/indicator-metadata-registry/imr-details/43,PUBLISHED,Published,,2002,2002,,SEAR,South-East Asia,,WB_LMI,2002,2002,Lower-middle-income,,NPL,Nepal,,108,108.00000,,,,,
WHS3_41,Diphtheria - number of reported cases,https://www.who.int/data/gho/indicator-metadata-registry/imr-details/43,PUBLISHED,Published,,2003,2003,,SEAR,South-East Asia,,WB_LMI,2003,2003,Lower-middle-income,,NPL,Nepal,,173,173.00000,,,,,
WHS3_41,Diphtheria - number of reported cases,https://www.who.int/data/gho/indicator-metadata-registry/imr-details/43,PUBLISHED,Published,,2004,2004,,SEAR,South-East Asia,,WB_LMI,2004,2004,Lower-middle-income,,NPL,Nepal,,81,81.00000,,,,,
WHS3_41,Diphtheria - number of reported cases,https://www.who.int/data/gho/indicator-metadata-registry/imr-details/43,PUBLISHED,Published,,2005,2005,,SEAR,South-East Asia,,WB_LMI,2005,2005,Lower-middle-income,,NPL,Nepal,,46,46.00000,,,,,
WHS3_41,Diphtheria - number of reported cases,https://www.who.int/data/gho/indicator-metadata-registry/imr-details/43,PUBLISHED,Published,,2006,2006,,SEAR,South-East Asia,,WB_LMI,2006,2006,Lower-middle-income,,NPL,Nepal,,72,72.00000,,,,,
WHS3_41,Diphtheria - number of reported cases,https://www.who.int/data/gho/indicator-metadata-registry/imr-details/43,PUBLISHED,Published,,2007,2007,,SEAR,South-East Asia,,WB_LMI,2007,2007,Lower-middle-income,,NPL,Nepal,,44,44.00000,,,,,
WHS3_41,Diphtheria - number of reported cases,https://www.who.int/data/gho/indicator-metadata-registry/imr-details/43,PUBLISHED,Published,,2008,2008,,SEAR,South-East Asia,,WB_LMI,2008,2008,Lower-middle-income,,NPL,Nepal,,149,149.00000,,,,,
WHS3_41,Diphtheria - number of reported cases,https://www.who.int/data/gho/indicator-metadata-registry/imr-details/43,PUBLISHED,Published,,2009,2009,,SEAR,South-East Asia,,WB_LMI,2009,2009,Lower-middle-income,,NPL,Nepal,,277,277.00000,,,,,
WHS3_41,Diphtheria - number of reported cases,https://www.who.int/data/gho/indicator-metadata-registry/imr-details/43,PUBLISHED,Published,,2010,2010,,SEAR,South-East Asia,,WB_LMI,2010,2010,Lower-middle-income,,NPL,Nepal,,146,146.00000,,,,,
WHS3_41,Diphtheria - number of reported cases,https://www.who.int/data/gho/indicator-metadata-registry/imr-details/43,PUBLISHED,Published,,2011,2011,,SEAR,South-East Asia,,WB_LMI,2011,2011,Lower-middle-income,,NPL,Nepal,,94,94.00000,,,,,
WHS3_41,Diphtheria - number of reported cases,https://www.who.int/data/gho/indicator-metadata-registry/imr-details/43,PUBLISHED,Published,,2012,2012,,SEAR,South-East Asia,,WB_LMI,2012,2012,Lower-middle-income,,NPL,Nepal,,138,138.00000,,,,,
WHS3_41,Diphtheria - number of reported cases,https://www.who.int/data/gho/indicator-metadata-registry/imr-details/43,PUBLISHED,Published,,2013,2013,,SEAR,South-East Asia,,WB_LMI,2013,2013,Lower-middle-income,,NPL,Nepal,,103,103.00000,,,,,
WHS3_41,Diphtheria - number of reported cases,https://www.who.int/data/gho/indicator-metadata-registry/imr-details/43,PUBLISHED,Published,,2014,2014,,SEAR,South-East Asia,,WB_LMI,2014,2014,Lower-middle-income,,NPL,Nepal,,1079,1079.00000,,,,,
WHS3_41,Diphtheria - number of reported cases,https://www.who.int/data/gho/indicator-metadata-registry/imr-details/43,PUBLISHED,Published,,2015,2015,,SEAR,South-East Asia,,WB_LMI,2015,2015,Lower-middle-income,,NPL,Nepal,,26,26.00000,,,,,
WHS3_41,Diphtheria - number of reported cases,https://www.who.int/data/gho/indicator-metadata-registry/imr-details/43,PUBLISHED,Published,,2016,2016,,SEAR,South-East Asia,,WB_LMI,2016,2016,Lower-middle-income,,NPL,Nepal,,140,140.00000,,,,,
WHS3_41,Diphtheria - number of reported cases,https://www.who.int/data/gho/indicator-metadata-registry/imr-details/43,PUBLISHED,Published,,2017,2017,,SEAR,South-East Asia,,WB_LMI,2017,2017,Lower-middle-income,,NPL,Nepal,,728,728.00000,,,,,
WHS3_41,Diphtheria - number of reported cases,https://www.who.int/data/gho/indicator-metadata-registry/imr-details/43,PUBLISHED,Published,,2018,2018,,SEAR,South-East Asia,,WB_LMI,2018,2018,Lower-middle-income,,NPL,Nepal,,232,232.00000,,,,,
WHS3_41,Diphtheria - number of reported cases,https://www.who.int/data/gho/indicator-metadata-registry/imr-details/43,PUBLISHED,Published,,2019,2019,,SEAR,South-East Asia,,WB_LMI,2019,2019,Lower-middle-income,,NPL,Nepal,,0,0.00000,,,,,
WHS3_41,Diphtheria - number of reported cases,https://www.who.int/data/gho/indicator-metadata-registry/imr-details/43,PUBLISHED,Published,,2020,2020,,SEAR,South-East Asia,,WB_LMI,2020,2020,Lower-middle-income,,NPL,Nepal,,0,0.00000,,,,,
WHS3_41,Diphtheria - number of reported cases,https://www.who.int/data/gho/indicator-metadata-registry/imr-details/43,PUBLISHED,Published,,2021,2021,,SEAR,South-East Asia,,WB_LMI,2021,2021,Lower-middle-income,,NPL,Nepal,,0,0.00000,,,,,
WHS3_42,Japanese encephalitis - number of reported cases,https://www.who.int/data/gho/indicator-metadata-registry/imr-details/44,PUBLISHED,Published,,2006,2006,,SEAR,South-East Asia,,WB_LMI,2006,2006,Lower-middle-income,,NPL,Nepal,,290,290.00000,,,,,
WHS3_42,Japanese encephalitis - number of reported cases,https://www.who.int/data/gho/indicator-metadata-registry/imr-details/44,PUBLISHED,Published,,2007,2007,,SEAR,South-East Asia,,WB_LMI,2007,2007,Lower-middle-income,,NPL,Nepal,,435,435.00000,,,,,
WHS3_42,Japanese encephalitis - number of reported cases,https://www.who.int/data/gho/indicator-metadata-registry/imr-details/44,PUBLISHED,Published,,2008,2008,,SEAR,South-East Asia,,WB_LMI,2008,2008,Lower-middle-income,,NPL,Nepal,,329,329.00000,,,,,
WHS3_42,Japanese encephalitis - number of reported cases,https://www.who.int/data/gho/indicator-metadata-registry/imr-details/44,PUBLISHED,Published,,2009,2009,,SEAR,South-East Asia,,WB_LMI,2009,2009,Lower-middle-income,,NPL,Nepal,,146,146.00000,,,,,
WHS3_42,Japanese encephalitis - number of reported cases,https://www.who.int/data/gho/indicator-metadata-registry/imr-details/44,PUBLISHED,Published,,2010,2010,,SEAR,South-East Asia,,WB_LMI,2010,2010,Lower-middle-income,,NPL,Nepal,,183,183.00000,,,,,
WHS3_42,Japanese encephalitis - number of reported cases,https://www.who.int/data/gho/indicator-metadata-registry/imr-details/44,PUBLISHED,Published,,2011,2011,,SEAR,South-East Asia,,WB_LMI,2011,2011,Lower-middle-income,,NPL,Nepal,,126,126.00000,,,,,
WHS3_42,Japanese encephalitis - number of reported cases,https://www.who.int/data/gho/indicator-metadata-registry/imr-details/44,PUBLISHED,Published,,2012,2012,,SEAR,South-East Asia,,WB_LMI,2012,2012,Lower-middle-income,,NPL,Nepal,,75,75.00000,,,,,
WHS3_42,Japanese encephalitis - number of reported cases,https://www.who.int/data/gho/indicator-metadata-registry/imr-details/44,PUBLISHED,Published,,2013,2013,,SEAR,South-East Asia,,WB_LMI,2013,2013,Lower-middle-income,,NPL,Nepal,,118,118.00000,,,,,
WHS3_42,Japanese encephalitis - number of reported cases,https://www.who.int/data/gho/indicator-metadata-registry/imr-details/44,PUBLISHED,Published,,2014,2014,,SEAR,South-East Asia,,WB_LMI,2014,2014,Lower-middle-income,,NPL,Nepal,,1304,1304.00000,,,,,
WHS3_42,Japanese encephalitis - number of reported cases,https://www.who.int/data/gho/indicator-metadata-registry/imr-details/44,PUBLISHED,Published,,2015,2015,,SEAR,South-East Asia,,WB_LMI,2015,2015,Lower-middle-income,,NPL,Nepal,,937,937.00000,,,,,
WHS3_42,Japanese encephalitis - number of reported cases,https://www.who.int/data/gho/indicator-metadata-registry/imr-details/44,PUBLISHED,Published,,2016,2016,,SEAR,South-East Asia,,WB_LMI,2016,2016,Lower-middle-income,,NPL,Nepal,,98,98.00000,,,,,
WHS3_42,Japanese encephalitis - number of reported cases,https://www.who.int/data/gho/indicator-metadata-registry/imr-details/44,PUBLISHED,Published,,2017,2017,,SEAR,South-East Asia,,WB_LMI,2017,2017,Lower-middle-income,,NPL,Nepal,,63,63.00000,,,,,
WHS3_42,Japanese encephalitis - number of reported cases,https://www.who.int/data/gho/indicator-metadata-registry/imr-details/44,PUBLISHED,Published,,2018,2018,,SEAR,South-East Asia,,WB_LMI,2018,2018,Lower-middle-income,,NPL,Nepal,,57,57.00000,,,,,
WHS3_42,Japanese encephalitis - number of reported cases,https://www.who.int/data/gho/indicator-metadata-registry/imr-details/44,PUBLISHED,Published,,2019,2019,,SEAR,South-East Asia,,WB_LMI,2019,2019,Lower-middle-income,,NPL,Nepal,,71,71.00000,,,,,
WHS3_42,Japanese encephalitis - number of reported cases,https://www.who.int/data/gho/indicator-metadata-registry/imr-details/44,PUBLISHED,Published,,2020,2020,,SEAR,South-East Asia,,WB_LMI,2020,2020,Lower-middle-income,,NPL,Nepal,,29,29.00000,,,,,
WHS3_42,Japanese encephalitis - number of reported cases,https://www.who.int/data/gho/indicator-metadata-registry/imr-details/44,PUBLISHED,Published,,2021,2021,,SEAR,South-East Asia,,WB_LMI,2021,2021,Lower-middle-income,,NPL,Nepal,,28,28.00000,,,,,
WHS3_43,Pertussis - number of reported cases,https://www.who.int/data/gho/indicator-metadata-registry/imr-details/45,PUBLISHED,Published,,1974,1974,,SEAR,South-East Asia,,WB_LMI,1974,1974,Lower-middle-income,,NPL,Nepal,,49,49.00000,,,,,
WHS3_43,Pertussis - number of reported cases,https://www.who.int/data/gho/indicator-metadata-registry/imr-details/45,PUBLISHED,Published,,1976,1976,,SEAR,South-East Asia,,WB_LMI,1976,1976,Lower-middle-income,,NPL,Nepal,,41,41.00000,,,,,
WHS3_43,Pertussis - number of reported cases,https://www.who.int/data/gho/indicator-metadata-registry/imr-details/45,PUBLISHED,Published,,1977,1977,,SEAR,South-East Asia,,WB_LMI,1977,1977,Lower-middle-income,,NPL,Nepal,,43,43.00000,,,,,
WHS3_43,Pertussis - number of reported cases,https://www.who.int/data/gho/indicator-metadata-registry/imr-details/45,PUBLISHED,Published,,1978,1978,,SEAR,South-East Asia,,WB_LMI,1978,1978,Lower-middle-income,,NPL,Nepal,,997,997.00000,,,,,
WHS3_43,Pertussis - number of reported cases,https://www.who.int/data/gho/indicator-metadata-registry/imr-details/45,PUBLISHED,Published,,1979,1979,,SEAR,South-East Asia,,WB_LMI,1979,1979,Lower-middle-income,,NPL,Nepal,,1257,1257.00000,,,,,
WHS3_43,Pertussis - number of reported cases,https://www.who.int/data/gho/indicator-metadata-registry/imr-details/45,PUBLISHED,Published,,1980,1980,,SEAR,South-East Asia,,WB_LMI,1980,1980,Lower-middle-income,,NPL,Nepal,,1055,1055.00000,,,,,
WHS3_43,Pertussis - number of reported cases,https://www.who.int/data/gho/indicator-metadata-registry/imr-details/45,PUBLISHED,Published,,1981,1981,,SEAR,South-East Asia,,WB_LMI,1981,1981,Lower-middle-income,,NPL,Nepal,,10,10.00000,,,,,
WHS3_43,Pertussis - number of reported cases,https://www.who.int/data/gho/indicator-metadata-registry/imr-details/45,PUBLISHED,Published,,1982,1982,,SEAR,South-East Asia,,WB_LMI,1982,1982,Lower-middle-income,,NPL,Nepal,,1788,1788.00000,,,,,
WHS3_43,Pertussis - number of reported cases,https://www.who.int/data/gho/indicator-metadata-registry/imr-details/45,PUBLISHED,Published,,1983,1983,,SEAR,South-East Asia,,WB_LMI,1983,1983,Lower-middle-income,,NPL,Nepal,,2004,2004.00000,,,,,
WHS3_43,Pertussis - number of reported cases,https://www.who.int/data/gho/indicator-metadata-registry/imr-details/45,PUBLISHED,Published,,1984,1984,,SEAR,South-East Asia,,WB_LMI,1984,1984,Lower-middle-income,,NPL,Nepal,,160,160.00000,,,,,
WHS3_43,Pertussis - number of reported cases,https://www.who.int/data/gho/indicator-metadata-registry/imr-details/45,PUBLISHED,Published,,1985,1985,,SEAR,South-East Asia,,WB_LMI,1985,1985,Lower-middle-income,,NPL,Nepal,,102,102.00000,,,,,
WHS3_43,Pertussis - number of reported cases,https://www.who.int/data/gho/indicator-metadata-registry/imr-details/45,PUBLISHED,Published,,1986,1986,,SEAR,South-East Asia,,WB_LMI,1986,1986,Lower-middle-income,,NPL,Nepal,,25,25.00000,,,,,
WHS3_43,Pertussis - number of reported cases,https://www.who.int/data/gho/indicator-metadata-registry/imr-details/45,PUBLISHED,Published,,1987,1987,,SEAR,South-East Asia,,WB_LMI,1987,1987,Lower-middle-income,,NPL,Nepal,,32,32.00000,,,,,
WHS3_43,Pertussis - number of reported cases,https://www.who.int/data/gho/indicator-metadata-registry/imr-details/45,PUBLISHED,Published,,1988,1988,,SEAR,South-East Asia,,WB_LMI,1988,1988,Lower-middle-income,,NPL,Nepal,,13,13.00000,,,,,
WHS3_43,Pertussis - number of reported cases,https://www.who.int/data/gho/indicator-metadata-registry/imr-details/45,PUBLISHED,Published,,1989,1989,,SEAR,South-East Asia,,WB_LMI,1989,1989,Lower-middle-income,,NPL,Nepal,,18,18.00000,,,,,
WHS3_43,Pertussis - number of reported cases,https://www.who.int/data/gho/indicator-metadata-registry/imr-details/45,PUBLISHED,Published,,1990,1990,,SEAR,South-East Asia,,WB_LMI,1990,1990,Lower-middle-income,,NPL,Nepal,,18,18.00000,,,,,
WHS3_43,Pertussis - number of reported cases,https://www.who.int/data/gho/indicator-metadata-registry/imr-details/45,PUBLISHED,Published,,1991,1991,,SEAR,South-East Asia,,WB_LMI,1991,1991,Lower-middle-income,,NPL,Nepal,,15,15.00000,,,,,
WHS3_43,Pertussis - number of reported cases,https://www.who.int/data/gho/indicator-metadata-registry/imr-details/45,PUBLISHED,Published,,1992,1992,,SEAR,South-East Asia,,WB_LMI,1992,1992,Lower-middle-income,,NPL,Nepal,,8,8.00000,,,,,
WHS3_43,Pertussis - number of reported cases,https://www.who.int/data/gho/indicator-metadata-registry/imr-details/45,PUBLISHED,Published,,1993,1993,,SEAR,South-East Asia,,WB_LMI,1993,1993,Lower-middle-income,,NPL,Nepal,,2,2.00000,,,,,
WHS3_43,Pertussis - number of reported cases,https://www.who.int/data/gho/indicator-metadata-registry/imr-details/45,PUBLISHED,Published,,1994,1994,,SEAR,South-East Asia,,WB_LMI,1994,1994,Lower-middle-income,,NPL,Nepal,,5,5.00000,,,,,
WHS3_43,Pertussis - number of reported cases,https://www.who.int/data/gho/indicator-metadata-registry/imr-details/45,PUBLISHED,Published,,1995,1995,,SEAR,South-East Asia,,WB_LMI,1995,1995,Lower-middle-income,,NPL,Nepal,,12166,12166.00000,,,,,
WHS3_43,Pertussis - number of reported cases,https://www.who.int/data/gho/indicator-metadata-registry/imr-details/45,PUBLISHED,Published,,1996,1996,,SEAR,South-East Asia,,WB_LMI,1996,1996,Lower-middle-income,,NPL,Nepal,,11683,11683.00000,,,,,
WHS3_43,Pertussis - number of reported cases,https://www.who.int/data/gho/indicator-metadata-registry/imr-details/45,PUBLISHED,Published,,1997,1997,,SEAR,South-East Asia,,WB_LMI,1997,1997,Lower-middle-income,,NPL,Nepal,,12443,12443.00000,,,,,
WHS3_43,Pertussis - number of reported cases,https://www.who.int/data/gho/indicator-metadata-registry/imr-details/45,PUBLISHED,Published,,1998,1998,,SEAR,South-East Asia,,WB_LMI,1998,1998,Lower-middle-income,,NPL,Nepal,,14339,14339.00000,,,,,
WHS3_43,Pertussis - number of reported cases,https://www.who.int/data/gho/indicator-metadata-registry/imr-details/45,PUBLISHED,Published,,2000,2000,,SEAR,South-East Asia,,WB_LMI,2000,2000,Lower-middle-income,,NPL,Nepal,,6021,6021.00000,,,,,
WHS3_43,Pertussis - number of reported cases,https://www.who.int/data/gho/indicator-metadata-registry/imr-details/45,PUBLISHED,Published,,2001,2001,,SEAR,South-East Asia,,WB_LMI,2001,2001,Lower-middle-income,,NPL,Nepal,,5908,5908.00000,,,,,
WHS3_43,Pertussis - number of reported cases,https://www.who.int/data/gho/indicator-metadata-registry/imr-details/45,PUBLISHED,Published,,2002,2002,,SEAR,South-East Asia,,WB_LMI,2002,2002,Lower-middle-income,,NPL,Nepal,,4683,4683.00000,,,,,
WHS3_43,Pertussis - number of reported cases,https://www.who.int/data/gho/indicator-metadata-registry/imr-details/45,PUBLISHED,Published,,2003,2003,,SEAR,South-East Asia,,WB_LMI,2003,2003,Lower-middle-income,,NPL,Nepal,,4479,4479.00000,,,,,
WHS3_43,Pertussis - number of reported cases,https://www.who.int/data/gho/indicator-metadata-registry/imr-details/45,PUBLISHED,Published,,2004,2004,,SEAR,South-East Asia,,WB_LMI,2004,2004,Lower-middle-income,,NPL,Nepal,,3708,3708.00000,,,,,
WHS3_43,Pertussis - number of reported cases,https://www.who.int/data/gho/indicator-metadata-registry/imr-details/45,PUBLISHED,Published,,2005,2005,,SEAR,South-East Asia,,WB_LMI,2005,2005,Lower-middle-income,,NPL,Nepal,,2170,2170.00000,,,,,
WHS3_43,Pertussis - number of reported cases,https://www.who.int/data/gho/indicator-metadata-registry/imr-details/45,PUBLISHED,Published,,2006,2006,,SEAR,South-East Asia,,WB_LMI,2006,2006,Lower-middle-income,,NPL,Nepal,,1092,1092.00000,,,,,
WHS3_43,Pertussis - number of reported cases,https://www.who.int/data/gho/indicator-metadata-registry/imr-details/45,PUBLISHED,Published,,2007,2007,,SEAR,South-East Asia,,WB_LMI,2007,2007,Lower-middle-income,,NPL,Nepal,,879,879.00000,,,,,
WHS3_43,Pertussis - number of reported cases,https://www.who.int/data/gho/indicator-metadata-registry/imr-details/45,PUBLISHED,Published,,2008,2008,,SEAR,South-East Asia,,WB_LMI,2008,2008,Lower-middle-income,,NPL,Nepal,,2297,2297.00000,,,,,
WHS3_43,Pertussis - number of reported cases,https://www.who.int/data/gho/indicator-metadata-registry/imr-details/45,PUBLISHED,Published,,2009,2009,,SEAR,South-East Asia,,WB_LMI,2009,2009,Lower-middle-income,,NPL,Nepal,,2357,2357.00000,,,,,
WHS3_43,Pertussis - number of reported cases,https://www.who.int/data/gho/indicator-metadata-registry/imr-details/45,PUBLISHED,Published,,2010,2010,,SEAR,South-East Asia,,WB_LMI,2010,2010,Lower-middle-income,,NPL,Nepal,,2293,2293.00000,,,,,
WHS3_43,Pertussis - number of reported cases,https://www.who.int/data/gho/indicator-metadata-registry/imr-details/45,PUBLISHED,Published,,2011,2011,,SEAR,South-East Asia,,WB_LMI,2011,2011,Lower-middle-income,,NPL,Nepal,,1733,1733.00000,,,,,
WHS3_43,Pertussis - number of reported cases,https://www.who.int/data/gho/indicator-metadata-registry/imr-details/45,PUBLISHED,Published,,2012,2012,,SEAR,South-East Asia,,WB_LMI,2012,2012,Lower-middle-income,,NPL,Nepal,,1595,1595.00000,,,,,
WHS3_43,Pertussis - number of reported cases,https://www.who.int/data/gho/indicator-metadata-registry/imr-details/45,PUBLISHED,Published,,2013,2013,,SEAR,South-East Asia,,WB_LMI,2013,2013,Lower-middle-income,,NPL,Nepal,,3431,3431.00000,,,,,
WHS3_43,Pertussis - number of reported cases,https://www.who.int/data/gho/indicator-metadata-registry/imr-details/45,PUBLISHED,Published,,2014,2014,,SEAR,South-East Asia,,WB_LMI,2014,2014,Lower-middle-income,,NPL,Nepal,,6096,6096.00000,,,,,
WHS3_43,Pertussis - number of reported cases,https://www.who.int/data/gho/indicator-metadata-registry/imr-details/45,PUBLISHED,Published,,2015,2015,,SEAR,South-East Asia,,WB_LMI,2015,2015,Lower-middle-income,,NPL,Nepal,,4416,4416.00000,,,,,
WHS3_43,Pertussis - number of reported cases,https://www.who.int/data/gho/indicator-metadata-registry/imr-details/45,PUBLISHED,Published,,2016,2016,,SEAR,South-East Asia,,WB_LMI,2016,2016,Lower-middle-income,,NPL,Nepal,,4890,4890.00000,,,,,
WHS3_43,Pertussis - number of reported cases,https://www.who.int/data/gho/indicator-metadata-registry/imr-details/45,PUBLISHED,Published,,2017,2017,,SEAR,South-East Asia,,WB_LMI,2017,2017,Lower-middle-income,,NPL,Nepal,,9092,9092.00000,,,,,
WHS3_43,Pertussis - number of reported cases,https://www.who.int/data/gho/indicator-metadata-registry/imr-details/45,PUBLISHED,Published,,2018,2018,,SEAR,South-East Asia,,WB_LMI,2018,2018,Lower-middle-income,,NPL,Nepal,,4153,4153.00000,,,,,
WHS3_43,Pertussis - number of reported cases,https://www.who.int/data/gho/indicator-metadata-registry/imr-details/45,PUBLISHED,Published,,2019,2019,,SEAR,South-East Asia,,WB_LMI,2019,2019,Lower-middle-income,,NPL,Nepal,,0,0.00000,,,,,
WHS3_43,Pertussis - number of reported cases,https://www.who.int/data/gho/indicator-metadata-registry/imr-details/45,PUBLISHED,Published,,2020,2020,,SEAR,South-East Asia,,WB_LMI,2020,2020,Lower-middle-income,,NPL,Nepal,,0,0.00000,,,,,
WHS3_46,Total tetanus - number of reported cases,https://www.who.int/data/gho/indicator-metadata-registry/imr-details/48,PUBLISHED,Published,,1976,1976,,SEAR,South-East Asia,,WB_LMI,1976,1976,Lower-middle-income,,NPL,Nepal,,73,73.00000,,,,,
WHS3_46,Total tetanus - number of reported cases,https://www.who.int/data/gho/indicator-metadata-registry/imr-details/48,PUBLISHED,Published,,1977,1977,,SEAR,South-East Asia,,WB_LMI,1977,1977,Lower-middle-income,,NPL,Nepal,,256,256.00000,,,,,
WHS3_46,Total tetanus - number of reported cases,https://www.who.int/data/gho/indicator-metadata-registry/imr-details/48,PUBLISHED,Published,,1978,1978,,SEAR,South-East Asia,,WB_LMI,1978,1978,Lower-middle-income,,NPL,Nepal,,110,110.00000,,,,,
WHS3_46,Total tetanus - number of reported cases,https://www.who.int/data/gho/indicator-metadata-registry/imr-details/48,PUBLISHED,Published,,1979,1979,,SEAR,South-East Asia,,WB_LMI,1979,1979,Lower-middle-income,,NPL,Nepal,,125,125.00000,,,,,
WHS3_46,Total tetanus - number of reported cases,https://www.who.int/data/gho/indicator-metadata-registry/imr-details/48,PUBLISHED,Published,,1980,1980,,SEAR,South-East Asia,,WB_LMI,1980,1980,Lower-middle-income,,NPL,Nepal,,116,116.00000,,,,,
WHS3_46,Total tetanus - number of reported cases,https://www.who.int/data/gho/indicator-metadata-registry/imr-details/48,PUBLISHED,Published,,1981,1981,,SEAR,South-East Asia,,WB_LMI,1981,1981,Lower-middle-income,,NPL,Nepal,,102,102.00000,,,,,
WHS3_46,Total tetanus - number of reported cases,https://www.who.int/data/gho/indicator-metadata-registry/imr-details/48,PUBLISHED,Published,,1982,1982,,SEAR,South-East Asia,,WB_LMI,1982,1982,Lower-middle-income,,NPL,Nepal,,174,174.00000,,,,,
WHS3_46,Total tetanus - number of reported cases,https://www.who.int/data/gho/indicator-metadata-registry/imr-details/48,PUBLISHED,Published,,1985,1985,,SEAR,South-East Asia,,WB_LMI,1985,1985,Lower-middle-income,,NPL,Nepal,,246,246.00000,,,,,
WHS3_46,Total tetanus - number of reported cases,https://www.who.int/data/gho/indicator-metadata-registry/imr-details/48,PUBLISHED,Published,,1986,1986,,SEAR,South-East Asia,,WB_LMI,1986,1986,Lower-middle-income,,NPL,Nepal,,235,235.00000,,,,,
WHS3_46,Total tetanus - number of reported cases,https://www.who.int/data/gho/indicator-metadata-registry/imr-details/48,PUBLISHED,Published,,1987,1987,,SEAR,South-East Asia,,WB_LMI,1987,1987,Lower-middle-income,,NPL,Nepal,,149,149.00000,,,,,
WHS3_46,Total tetanus - number of reported cases,https://www.who.int/data/gho/indicator-metadata-registry/imr-details/48,PUBLISHED,Published,,1988,1988,,SEAR,South-East Asia,,WB_LMI,1988,1988,Lower-middle-income,,NPL,Nepal,,185,185.00000,,,,,
WHS3_46,Total tetanus - number of reported cases,https://www.who.int/data/gho/indicator-metadata-registry/imr-details/48,PUBLISHED,Published,,1990,1990,,SEAR,South-East Asia,,WB_LMI,1990,1990,Lower-middle-income,,NPL,Nepal,,35,35.00000,,,,,
WHS3_46,Total tetanus - number of reported cases,https://www.who.int/data/gho/indicator-metadata-registry/imr-details/48,PUBLISHED,Published,,1992,1992,,SEAR,South-East Asia,,WB_LMI,1992,1992,Lower-middle-income,,NPL,Nepal,,48,48.00000,,,,,
WHS3_46,Total tetanus - number of reported cases,https://www.who.int/data/gho/indicator-metadata-registry/imr-details/48,PUBLISHED,Published,,1993,1993,,SEAR,South-East Asia,,WB_LMI,1993,1993,Lower-middle-income,,NPL,Nepal,,79,79.00000,,,,,
WHS3_46,Total tetanus - number of reported cases,https://www.who.int/data/gho/indicator-metadata-registry/imr-details/48,PUBLISHED,Published,,1994,1994,,SEAR,South-East Asia,,WB_LMI,1994,1994,Lower-middle-income,,NPL,Nepal,,4,4.00000,,,,,
WHS3_46,Total tetanus - number of reported cases,https://www.who.int/data/gho/indicator-metadata-registry/imr-details/48,PUBLISHED,Published,,1996,1996,,SEAR,South-East Asia,,WB_LMI,1996,1996,Lower-middle-income,,NPL,Nepal,,632,632.00000,,,,,
WHS3_46,Total tetanus - number of reported cases,https://www.who.int/data/gho/indicator-metadata-registry/imr-details/48,PUBLISHED,Published,,1997,1997,,SEAR,South-East Asia,,WB_LMI,1997,1997,Lower-middle-income,,NPL,Nepal,,514,514.00000,,,,,
WHS3_46,Total tetanus - number of reported cases,https://www.who.int/data/gho/indicator-metadata-registry/imr-details/48,PUBLISHED,Published,,1998,1998,,SEAR,South-East Asia,,WB_LMI,1998,1998,Lower-middle-income,,NPL,Nepal,,556,556.00000,,,,,
WHS3_46,Total tetanus - number of reported cases,https://www.who.int/data/gho/indicator-metadata-registry/imr-details/48,PUBLISHED,Published,,1999,1999,,SEAR,South-East Asia,,WB_LMI,1999,1999,Lower-middle-income,,NPL,Nepal,,349,349.00000,,,,,
WHS3_46,Total tetanus - number of reported cases,https://www.who.int/data/gho/indicator-metadata-registry/imr-details/48,PUBLISHED,Published,,2000,2000,,SEAR,South-East Asia,,WB_LMI,2000,2000,Lower-middle-income,,NPL,Nepal,,305,305.00000,,,,,
WHS3_46,Total tetanus - number of reported cases,https://www.who.int/data/gho/indicator-metadata-registry/imr-details/48,PUBLISHED,Published,,2001,2001,,SEAR,South-East Asia,,WB_LMI,2001,2001,Lower-middle-income,,NPL,Nepal,,440,440.00000,,,,,
WHS3_46,Total tetanus - number of reported cases,https://www.who.int/data/gho/indicator-metadata-registry/imr-details/48,PUBLISHED,Published,,2002,2002,,SEAR,South-East Asia,,WB_LMI,2002,2002,Lower-middle-income,,NPL,Nepal,,241,241.00000,,,,,
WHS3_46,Total tetanus - number of reported cases,https://www.who.int/data/gho/indicator-metadata-registry/imr-details/48,PUBLISHED,Published,,2003,2003,,SEAR,South-East Asia,,WB_LMI,2003,2003,Lower-middle-income,,NPL,Nepal,,114,114.00000,,,,,
WHS3_46,Total tetanus - number of reported cases,https://www.who.int/data/gho/indicator-metadata-registry/imr-details/48,PUBLISHED,Published,,2004,2004,,SEAR,South-East Asia,,WB_LMI,2004,2004,Lower-middle-income,,NPL,Nepal,,104,104.00000,,,,,
WHS3_46,Total tetanus - number of reported cases,https://www.who.int/data/gho/indicator-metadata-registry/imr-details/48,PUBLISHED,Published,,2005,2005,,SEAR,South-East Asia,,WB_LMI,2005,2005,Lower-middle-income,,NPL,Nepal,,112,112.00000,,,,,
WHS3_46,Total tetanus - number of reported cases,https://www.who.int/data/gho/indicator-metadata-registry/imr-details/48,PUBLISHED,Published,,2006,2006,,SEAR,South-East Asia,,WB_LMI,2006,2006,Lower-middle-income,,NPL,Nepal,,240,240.00000,,,,,
WHS3_46,Total tetanus - number of reported cases,https://www.who.int/data/gho/indicator-metadata-registry/imr-details/48,PUBLISHED,Published,,2007,2007,,SEAR,South-East Asia,,WB_LMI,2007,2007,Lower-middle-income,,NPL,Nepal,,155,155.00000,,,,,
WHS3_46,Total tetanus - number of reported cases,https://www.who.int/data/gho/indicator-metadata-registry/imr-details/48,PUBLISHED,Published,,2008,2008,,SEAR,South-East Asia,,WB_LMI,2008,2008,Lower-middle-income,,NPL,Nepal,,308,308.00000,,,,,
WHS3_46,Total tetanus - number of reported cases,https://www.who.int/data/gho/indicator-metadata-registry/imr-details/48,PUBLISHED,Published,,2009,2009,,SEAR,South-East Asia,,WB_LMI,2009,2009,Lower-middle-income,,NPL,Nepal,,276,276.00000,,,,,
WHS3_46,Total tetanus - number of reported cases,https://www.who.int/data/gho/indicator-metadata-registry/imr-details/48,PUBLISHED,Published,,2010,2010,,SEAR,South-East Asia,,WB_LMI,2010,2010,Lower-middle-income,,NPL,Nepal,,547,547.00000,,,,,
WHS3_46,Total tetanus - number of reported cases,https://www.who.int/data/gho/indicator-metadata-registry/imr-details/48,PUBLISHED,Published,,2011,2011,,SEAR,South-East Asia,,WB_LMI,2011,2011,Lower-middle-income,,NPL,Nepal,,193,193.00000,,,,,
WHS3_46,Total tetanus - number of reported cases,https://www.who.int/data/gho/indicator-metadata-registry/imr-details/48,PUBLISHED,Published,,2012,2012,,SEAR,South-East Asia,,WB_LMI,2012,2012,Lower-middle-income,,NPL,Nepal,,359,359.00000,,,,,
WHS3_46,Total tetanus - number of reported cases,https://www.who.int/data/gho/indicator-metadata-registry/imr-details/48,PUBLISHED,Published,,2013,2013,,SEAR,South-East Asia,,WB_LMI,2013,2013,Lower-middle-income,,NPL,Nepal,,377,377.00000,,,,,
WHS3_46,Total tetanus - number of reported cases,https://www.who.int/data/gho/indicator-metadata-registry/imr-details/48,PUBLISHED,Published,,2014,2014,,SEAR,South-East Asia,,WB_LMI,2014,2014,Lower-middle-income,,NPL,Nepal,,883,883.00000,,,,,
WHS3_46,Total tetanus - number of reported cases,https://www.who.int/data/gho/indicator-metadata-registry/imr-details/48,PUBLISHED,Published,,2015,2015,,SEAR,South-East Asia,,WB_LMI,2015,2015,Lower-middle-income,,NPL,Nepal,,888,888.00000,,,,,
WHS3_46,Total tetanus - number of reported cases,https://www.who.int/data/gho/indicator-metadata-registry/imr-details/48,PUBLISHED,Published,,2016,2016,,SEAR,South-East Asia,,WB_LMI,2016,2016,Lower-middle-income,,NPL,Nepal,,766,766.00000,,,,,
WHS3_46,Total tetanus - number of reported cases,https://www.who.int/data/gho/indicator-metadata-registry/imr-details/48,PUBLISHED,Published,,2017,2017,,SEAR,South-East Asia,,WB_LMI,2017,2017,Lower-middle-income,,NPL,Nepal,,880,880.00000,,,,,
WHS3_46,Total tetanus - number of reported cases,https://www.who.int/data/gho/indicator-metadata-registry/imr-details/48,PUBLISHED,Published,,2018,2018,,SEAR,South-East Asia,,WB_LMI,2018,2018,Lower-middle-income,,NPL,Nepal,,485,485.00000,,,,,
WHS3_46,Total tetanus - number of reported cases,https://www.who.int/data/gho/indicator-metadata-registry/imr-details/48,PUBLISHED,Published,,2019,2019,,SEAR,South-East Asia,,WB_LMI,2019,2019,Lower-middle-income,,NPL,Nepal,,546,546.00000,,,,,
WHS3_46,Total tetanus - number of reported cases,https://www.who.int/data/gho/indicator-metadata-registry/imr-details/48,PUBLISHED,Published,,2020,2020,,SEAR,South-East Asia,,WB_LMI,2020,2020,Lower-middle-income,,NPL,Nepal,,3,3.00000,,,,,
WHS3_46,Total tetanus - number of reported cases,https://www.who.int/data/gho/indicator-metadata-registry/imr-details/48,PUBLISHED,Published,,2021,2021,,SEAR,South-East Asia,,WB_LMI,2021,2021,Lower-middle-income,,NPL,Nepal,,2,2.00000,,,,,
WHS3_50,Yellow fever - number of reported cases,https://www.who.int/data/gho/indicator-metadata-registry/imr-details/52,PUBLISHED,Published,,2004,2004,,SEAR,South-East Asia,,WB_LMI,2004,2004,Lower-middle-income,,NPL,Nepal,,0,0.00000,,,,,
WHS3_53,Mumps - number of reported cases,https://www.who.int/data/gho/indicator-metadata-registry/imr-details/55,PUBLISHED,Published,,2009,2009,,SEAR,South-East Asia,,WB_LMI,2009,2009,Lower-middle-income,,NPL,Nepal,,27880,27880.00000,,,,,
WHS3_53,Mumps - number of reported cases,https://www.who.int/data/gho/indicator-metadata-registry/imr-details/55,PUBLISHED,Published,,2010,2010,,SEAR,South-East Asia,,WB_LMI,2010,2010,Lower-middle-income,,NPL,Nepal,,29022,29022.00000,,,,,
WHS3_53,Mumps - number of reported cases,https://www.who.int/data/gho/indicator-metadata-registry/imr-details/55,PUBLISHED,Published,,2011,2011,,SEAR,South-East Asia,,WB_LMI,2011,2011,Lower-middle-income,,NPL,Nepal,,39023,39023.00000,,,,,
WHS3_53,Mumps - number of reported cases,https://www.who.int/data/gho/indicator-metadata-registry/imr-details/55,PUBLISHED,Published,,2012,2012,,SEAR,South-East Asia,,WB_LMI,2012,2012,Lower-middle-income,,NPL,Nepal,,35874,35874.00000,,,,,
WHS3_53,Mumps - number of reported cases,https://www.who.int/data/gho/indicator-metadata-registry/imr-details/55,PUBLISHED,Published,,2013,2013,,SEAR,South-East Asia,,WB_LMI,2013,2013,Lower-middle-income,,NPL,Nepal,,29134,29134.00000,,,,,
WHS3_53,Mumps - number of reported cases,https://www.who.int/data/gho/indicator-metadata-registry/imr-details/55,PUBLISHED,Published,,2014,2014,,SEAR,South-East Asia,,WB_LMI,2014,2014,Lower-middle-income,,NPL,Nepal,,34034,34034.00000,,,,,
WHS3_53,Mumps - number of reported cases,https://www.who.int/data/gho/indicator-metadata-registry/imr-details/55,PUBLISHED,Published,,2015,2015,,SEAR,South-East Asia,,WB_LMI,2015,2015,Lower-middle-income,,NPL,Nepal,,38858,38858.00000,,,,,
WHS3_53,Mumps - number of reported cases,https://www.who.int/data/gho/indicator-metadata-registry/imr-details/55,PUBLISHED,Published,,2016,2016,,SEAR,South-East Asia,,WB_LMI,2016,2016,Lower-middle-income,,NPL,Nepal,,30610,30610.00000,,,,,
WHS3_53,Mumps - number of reported cases,https://www.who.int/data/gho/indicator-metadata-registry/imr-details/55,PUBLISHED,Published,,2017,2017,,SEAR,South-East Asia,,WB_LMI,2017,2017,Lower-middle-income,,NPL,Nepal,,61228,61228.00000,,,,,
WHS3_53,Mumps - number of reported cases,https://www.who.int/data/gho/indicator-metadata-registry/imr-details/55,PUBLISHED,Published,,2018,2018,,SEAR,South-East Asia,,WB_LMI,2018,2018,Lower-middle-income,,NPL,Nepal,,29614,29614.00000,,,,,
WHS3_53,Mumps - number of reported cases,https://www.who.int/data/gho/indicator-metadata-registry/imr-details/55,PUBLISHED,Published,,2019,2019,,SEAR,South-East Asia,,WB_LMI,2019,2019,Lower-middle-income,,NPL,Nepal,,0,0.00000,,,,,
WHS3_53,Mumps - number of reported cases,https://www.who.int/data/gho/indicator-metadata-registry/imr-details/55,PUBLISHED,Published,,2020,2020,,SEAR,South-East Asia,,WB_LMI,2020,2020,Lower-middle-income,,NPL,Nepal,,0,0.00000,,,,,
WHS3_55,Congenital Rubella Syndrome - number of reported cases,https://www.who.int/data/gho/indicator-metadata-registry/imr-details/57,PUBLISHED,Published,,2014,2014,,SEAR,South-East Asia,,WB_LMI,2014,2014,Lower-middle-income,,NPL,Nepal,,16,16.00000,,,,,
WHS3_55,Congenital Rubella Syndrome - number of reported cases,https://www.who.int/data/gho/indicator-metadata-registry/imr-details/57,PUBLISHED,Published,,2015,2015,,SEAR,South-East Asia,,WB_LMI,2015,2015,Lower-middle-income,,NPL,Nepal,,50,50.00000,,,,,
WHS3_55,Congenital Rubella Syndrome - number of reported cases,https://www.who.int/data/gho/indicator-metadata-registry/imr-details/57,PUBLISHED,Published,,2016,2016,,SEAR,South-East Asia,,WB_LMI,2016,2016,Lower-middle-income,,NPL,Nepal,,33,33.00000,,,,,
WHS3_55,Congenital Rubella Syndrome - number of reported cases,https://www.who.int/data/gho/indicator-metadata-registry/imr-details/57,PUBLISHED,Published,,2017,2017,,SEAR,South-East Asia,,WB_LMI,2017,2017,Lower-middle-income,,NPL,Nepal,,0,0.00000,,,,,
WHS3_55,Congenital Rubella Syndrome - number of reported cases,https://www.who.int/data/gho/indicator-metadata-registry/imr-details/57,PUBLISHED,Published,,2018,2018,,SEAR,South-East Asia,,WB_LMI,2018,2018,Lower-middle-income,,NPL,Nepal,,0,0.00000,,,,,
WHS3_55,Congenital Rubella Syndrome - number of reported cases,https://www.who.int/data/gho/indicator-metadata-registry/imr-details/57,PUBLISHED,Published,,2019,2019,,SEAR,South-East Asia,,WB_LMI,2019,2019,Lower-middle-income,,NPL,Nepal,,0,0.00000,,,,,
WHS3_55,Congenital Rubella Syndrome - number of reported cases,https://www.who.int/data/gho/indicator-metadata-registry/imr-details/57,PUBLISHED,Published,,2020,2020,,SEAR,South-East Asia,,WB_LMI,2020,2020,Lower-middle-income,,NPL,Nepal,,0,0.00000,,,,,
WHS3_56,Neonatal tetanus - number of reported cases,https://www.who.int/data/gho/indicator-metadata-registry/imr-details/58,PUBLISHED,Published,,1981,1981,,SEAR,South-East Asia,,WB_LMI,1981,1981,Lower-middle-income,,NPL,Nepal,,48,48.00000,,,,,
WHS3_56,Neonatal tetanus - number of reported cases,https://www.who.int/data/gho/indicator-metadata-registry/imr-details/58,PUBLISHED,Published,,1982,1982,,SEAR,South-East Asia,,WB_LMI,1982,1982,Lower-middle-income,,NPL,Nepal,,39,39.00000,,,,,
WHS3_56,Neonatal tetanus - number of reported cases,https://www.who.int/data/gho/indicator-metadata-registry/imr-details/58,PUBLISHED,Published,,1983,1983,,SEAR,South-East Asia,,WB_LMI,1983,1983,Lower-middle-income,,NPL,Nepal,,43,43.00000,,,,,
WHS3_56,Neonatal tetanus - number of reported cases,https://www.who.int/data/gho/indicator-metadata-registry/imr-details/58,PUBLISHED,Published,,1984,1984,,SEAR,South-East Asia,,WB_LMI,1984,1984,Lower-middle-income,,NPL,Nepal,,92,92.00000,,,,,
WHS3_56,Neonatal tetanus - number of reported cases,https://www.who.int/data/gho/indicator-metadata-registry/imr-details/58,PUBLISHED,Published,,1985,1985,,SEAR,South-East Asia,,WB_LMI,1985,1985,Lower-middle-income,,NPL,Nepal,,79,79.00000,,,,,
WHS3_56,Neonatal tetanus - number of reported cases,https://www.who.int/data/gho/indicator-metadata-registry/imr-details/58,PUBLISHED,Published,,1986,1986,,SEAR,South-East Asia,,WB_LMI,1986,1986,Lower-middle-income,,NPL,Nepal,,58,58.00000,,,,,
WHS3_56,Neonatal tetanus - number of reported cases,https://www.who.int/data/gho/indicator-metadata-registry/imr-details/58,PUBLISHED,Published,,1987,1987,,SEAR,South-East Asia,,WB_LMI,1987,1987,Lower-middle-income,,NPL,Nepal,,49,49.00000,,,,,
WHS3_56,Neonatal tetanus - number of reported cases,https://www.who.int/data/gho/indicator-metadata-registry/imr-details/58,PUBLISHED,Published,,1988,1988,,SEAR,South-East Asia,,WB_LMI,1988,1988,Lower-middle-income,,NPL,Nepal,,50,50.00000,,,,,
WHS3_56,Neonatal tetanus - number of reported cases,https://www.who.int/data/gho/indicator-metadata-registry/imr-details/58,PUBLISHED,Published,,1989,1989,,SEAR,South-East Asia,,WB_LMI,1989,1989,Lower-middle-income,,NPL,Nepal,,3,3.00000,,,,,
WHS3_56,Neonatal tetanus - number of reported cases,https://www.who.int/data/gho/indicator-metadata-registry/imr-details/58,PUBLISHED,Published,,1990,1990,,SEAR,South-East Asia,,WB_LMI,1990,1990,Lower-middle-income,,NPL,Nepal,,0,0.00000,,,,,
WHS3_56,Neonatal tetanus - number of reported cases,https://www.who.int/data/gho/indicator-metadata-registry/imr-details/58,PUBLISHED,Published,,1991,1991,,SEAR,South-East Asia,,WB_LMI,1991,1991,Lower-middle-income,,NPL,Nepal,,8,8.00000,,,,,
WHS3_56,Neonatal tetanus - number of reported cases,https://www.who.int/data/gho/indicator-metadata-registry/imr-details/58,PUBLISHED,Published,,1992,1992,,SEAR,South-East Asia,,WB_LMI,1992,1992,Lower-middle-income,,NPL,Nepal,,7,7.00000,,,,,
WHS3_56,Neonatal tetanus - number of reported cases,https://www.who.int/data/gho/indicator-metadata-registry/imr-details/58,PUBLISHED,Published,,1993,1993,,SEAR,South-East Asia,,WB_LMI,1993,1993,Lower-middle-income,,NPL,Nepal,,20,20.00000,,,,,
WHS3_56,Neonatal tetanus - number of reported cases,https://www.who.int/data/gho/indicator-metadata-registry/imr-details/58,PUBLISHED,Published,,1994,1994,,SEAR,South-East Asia,,WB_LMI,1994,1994,Lower-middle-income,,NPL,Nepal,,4,4.00000,,,,,
WHS3_56,Neonatal tetanus - number of reported cases,https://www.who.int/data/gho/indicator-metadata-registry/imr-details/58,PUBLISHED,Published,,1995,1995,,SEAR,South-East Asia,,WB_LMI,1995,1995,Lower-middle-income,,NPL,Nepal,,511,511.00000,,,,,
WHS3_56,Neonatal tetanus - number of reported cases,https://www.who.int/data/gho/indicator-metadata-registry/imr-details/58,PUBLISHED,Published,,1996,1996,,SEAR,South-East Asia,,WB_LMI,1996,1996,Lower-middle-income,,NPL,Nepal,,254,254.00000,,,,,
WHS3_56,Neonatal tetanus - number of reported cases,https://www.who.int/data/gho/indicator-metadata-registry/imr-details/58,PUBLISHED,Published,,1997,1997,,SEAR,South-East Asia,,WB_LMI,1997,1997,Lower-middle-income,,NPL,Nepal,,462,462.00000,,,,,
WHS3_56,Neonatal tetanus - number of reported cases,https://www.who.int/data/gho/indicator-metadata-registry/imr-details/58,PUBLISHED,Published,,1998,1998,,SEAR,South-East Asia,,WB_LMI,1998,1998,Lower-middle-income,,NPL,Nepal,,197,197.00000,,,,,
WHS3_56,Neonatal tetanus - number of reported cases,https://www.who.int/data/gho/indicator-metadata-registry/imr-details/58,PUBLISHED,Published,,2000,2000,,SEAR,South-East Asia,,WB_LMI,2000,2000,Lower-middle-income,,NPL,Nepal,,134,134.00000,,,,,
WHS3_56,Neonatal tetanus - number of reported cases,https://www.who.int/data/gho/indicator-metadata-registry/imr-details/58,PUBLISHED,Published,,2001,2001,,SEAR,South-East Asia,,WB_LMI,2001,2001,Lower-middle-income,,NPL,Nepal,,327,327.00000,,,,,
WHS3_56,Neonatal tetanus - number of reported cases,https://www.who.int/data/gho/indicator-metadata-registry/imr-details/58,PUBLISHED,Published,,2002,2002,,SEAR,South-East Asia,,WB_LMI,2002,2002,Lower-middle-income,,NPL,Nepal,,92,92.00000,,,,,
WHS3_56,Neonatal tetanus - number of reported cases,https://www.who.int/data/gho/indicator-metadata-registry/imr-details/58,PUBLISHED,Published,,2003,2003,,SEAR,South-East Asia,,WB_LMI,2003,2003,Lower-middle-income,,NPL,Nepal,,51,51.00000,,,,,
WHS3_56,Neonatal tetanus - number of reported cases,https://www.who.int/data/gho/indicator-metadata-registry/imr-details/58,PUBLISHED,Published,,2004,2004,,SEAR,South-East Asia,,WB_LMI,2004,2004,Lower-middle-income,,NPL,Nepal,,27,27.00000,,,,,
WHS3_56,Neonatal tetanus - number of reported cases,https://www.who.int/data/gho/indicator-metadata-registry/imr-details/58,PUBLISHED,Published,,2005,2005,,SEAR,South-East Asia,,WB_LMI,2005,2005,Lower-middle-income,,NPL,Nepal,,29,29.00000,,,,,
WHS3_56,Neonatal tetanus - number of reported cases,https://www.who.int/data/gho/indicator-metadata-registry/imr-details/58,PUBLISHED,Published,,2006,2006,,SEAR,South-East Asia,,WB_LMI,2006,2006,Lower-middle-income,,NPL,Nepal,,42,42.00000,,,,,
WHS3_56,Neonatal tetanus - number of reported cases,https://www.who.int/data/gho/indicator-metadata-registry/imr-details/58,PUBLISHED,Published,,2007,2007,,SEAR,South-East Asia,,WB_LMI,2007,2007,Lower-middle-income,,NPL,Nepal,,32,32.00000,,,,,
WHS3_56,Neonatal tetanus - number of reported cases,https://www.who.int/data/gho/indicator-metadata-registry/imr-details/58,PUBLISHED,Published,,2008,2008,,SEAR,South-East Asia,,WB_LMI,2008,2008,Lower-middle-income,,NPL,Nepal,,53,53.00000,,,,,
WHS3_56,Neonatal tetanus - number of reported cases,https://www.who.int/data/gho/indicator-metadata-registry/imr-details/58,PUBLISHED,Published,,2009,2009,,SEAR,South-East Asia,,WB_LMI,2009,2009,Lower-middle-income,,NPL,Nepal,,18,18.00000,,,,,
WHS3_56,Neonatal tetanus - number of reported cases,https://www.who.int/data/gho/indicator-metadata-registry/imr-details/58,PUBLISHED,Published,,2010,2010,,SEAR,South-East Asia,,WB_LMI,2010,2010,Lower-middle-income,,NPL,Nepal,,13,13.00000,,,,,
WHS3_56,Neonatal tetanus - number of reported cases,https://www.who.int/data/gho/indicator-metadata-registry/imr-details/58,PUBLISHED,Published,,2011,2011,,SEAR,South-East Asia,,WB_LMI,2011,2011,Lower-middle-income,,NPL,Nepal,,95,95.00000,,,,,
WHS3_56,Neonatal tetanus - number of reported cases,https://www.who.int/data/gho/indicator-metadata-registry/imr-details/58,PUBLISHED,Published,,2012,2012,,SEAR,South-East Asia,,WB_LMI,2012,2012,Lower-middle-income,,NPL,Nepal,,32,32.00000,,,,,
WHS3_56,Neonatal tetanus - number of reported cases,https://www.who.int/data/gho/indicator-metadata-registry/imr-details/58,PUBLISHED,Published,,2013,2013,,SEAR,South-East Asia,,WB_LMI,2013,2013,Lower-middle-income,,NPL,Nepal,,87,87.00000,,,,,
WHS3_56,Neonatal tetanus - number of reported cases,https://www.who.int/data/gho/indicator-metadata-registry/imr-details/58,PUBLISHED,Published,,2014,2014,,SEAR,South-East Asia,,WB_LMI,2014,2014,Lower-middle-income,,NPL,Nepal,,57,57.00000,,,,,
WHS3_56,Neonatal tetanus - number of reported cases,https://www.who.int/data/gho/indicator-metadata-registry/imr-details/58,PUBLISHED,Published,,2015,2015,,SEAR,South-East Asia,,WB_LMI,2015,2015,Lower-middle-income,,NPL,Nepal,,266,266.00000,,,,,
WHS3_56,Neonatal tetanus - number of reported cases,https://www.who.int/data/gho/indicator-metadata-registry/imr-details/58,PUBLISHED,Published,,2016,2016,,SEAR,South-East Asia,,WB_LMI,2016,2016,Lower-middle-income,,NPL,Nepal,,7,7.00000,,,,,
WHS3_56,Neonatal tetanus - number of reported cases,https://www.who.int/data/gho/indicator-metadata-registry/imr-details/58,PUBLISHED,Published,,2017,2017,,SEAR,South-East Asia,,WB_LMI,2017,2017,Lower-middle-income,,NPL,Nepal,,7,7.00000,,,,,
WHS3_56,Neonatal tetanus - number of reported cases,https://www.who.int/data/gho/indicator-metadata-registry/imr-details/58,PUBLISHED,Published,,2018,2018,,SEAR,South-East Asia,,WB_LMI,2018,2018,Lower-middle-income,,NPL,Nepal,,2,2.00000,,,,,
WHS3_56,Neonatal tetanus - number of reported cases,https://www.who.int/data/gho/indicator-metadata-registry/imr-details/58,PUBLISHED,Published,,2019,2019,,SEAR,South-East Asia,,WB_LMI,2019,2019,Lower-middle-income,,NPL,Nepal,,3,3.00000,,,,,
WHS3_56,Neonatal tetanus - number of reported cases,https://www.who.int/data/gho/indicator-metadata-registry/imr-details/58,PUBLISHED,Published,,2020,2020,,SEAR,South-East Asia,,WB_LMI,2020,2020,Lower-middle-income,,NPL,Nepal,,3,3.00000,,,,,
WHS3_56,Neonatal tetanus - number of reported cases,https://www.who.int/data/gho/indicator-metadata-registry/imr-details/58,PUBLISHED,Published,,2021,2021,,SEAR,South-East Asia,,WB_LMI,2021,2021,Lower-middle-income,,NPL,Nepal,,2,2.00000,,,,,
WHS3_57,Total rubella - number of reported cases,https://www.who.int/data/gho/indicator-metadata-registry/imr-details/59,PUBLISHED,Published,,2007,2007,,SEAR,South-East Asia,,WB_LMI,2007,2007,Lower-middle-income,,NPL,Nepal,,227,227.00000,,,,,
WHS3_57,Total rubella - number of reported cases,https://www.who.int/data/gho/indicator-metadata-registry/imr-details/59,PUBLISHED,Published,,2008,2008,,SEAR,South-East Asia,,WB_LMI,2008,2008,Lower-middle-income,,NPL,Nepal,,781,781.00000,,,,,
WHS3_57,Total rubella - number of reported cases,https://www.who.int/data/gho/indicator-metadata-registry/imr-details/59,PUBLISHED,Published,,2009,2009,,SEAR,South-East Asia,,WB_LMI,2009,2009,Lower-middle-income,,NPL,Nepal,,1275,1275.00000,,,,,
WHS3_57,Total rubella - number of reported cases,https://www.who.int/data/gho/indicator-metadata-registry/imr-details/59,PUBLISHED,Published,,2010,2010,,SEAR,South-East Asia,,WB_LMI,2010,2010,Lower-middle-income,,NPL,Nepal,,510,510.00000,,,,,
WHS3_57,Total rubella - number of reported cases,https://www.who.int/data/gho/indicator-metadata-registry/imr-details/59,PUBLISHED,Published,,2011,2011,,SEAR,South-East Asia,,WB_LMI,2011,2011,Lower-middle-income,,NPL,Nepal,,1175,1175.00000,,,,,
WHS3_57,Total rubella - number of reported cases,https://www.who.int/data/gho/indicator-metadata-registry/imr-details/59,PUBLISHED,Published,,2012,2012,,SEAR,South-East Asia,,WB_LMI,2012,2012,Lower-middle-income,,NPL,Nepal,,801,801.00000,,,,,
WHS3_57,Total rubella - number of reported cases,https://www.who.int/data/gho/indicator-metadata-registry/imr-details/59,PUBLISHED,Published,,2013,2013,,SEAR,South-East Asia,,WB_LMI,2013,2013,Lower-middle-income,,NPL,Nepal,,755,755.00000,,,,,
WHS3_57,Total rubella - number of reported cases,https://www.who.int/data/gho/indicator-metadata-registry/imr-details/59,PUBLISHED,Published,,2014,2014,,SEAR,South-East Asia,,WB_LMI,2014,2014,Lower-middle-income,,NPL,Nepal,,704,704.00000,,,,,
WHS3_57,Total rubella - number of reported cases,https://www.who.int/data/gho/indicator-metadata-registry/imr-details/59,PUBLISHED,Published,,2015,2015,,SEAR,South-East Asia,,WB_LMI,2015,2015,Lower-middle-income,,NPL,Nepal,,626,626.00000,,,,,
WHS3_57,Total rubella - number of reported cases,https://www.who.int/data/gho/indicator-metadata-registry/imr-details/59,PUBLISHED,Published,,2016,2016,,SEAR,South-East Asia,,WB_LMI,2016,2016,Lower-middle-income,,NPL,Nepal,,656,656.00000,,,,,
WHS3_57,Total rubella - number of reported cases,https://www.who.int/data/gho/indicator-metadata-registry/imr-details/59,PUBLISHED,Published,,2017,2017,,SEAR,South-East Asia,,WB_LMI,2017,2017,Lower-middle-income,,NPL,Nepal,,21,21.00000,,,,,
WHS3_57,Total rubella - number of reported cases,https://www.who.int/data/gho/indicator-metadata-registry/imr-details/59,PUBLISHED,Published,,2018,2018,,SEAR,South-East Asia,,WB_LMI,2018,2018,Lower-middle-income,,NPL,Nepal,,34,34.00000,,,,,
WHS3_57,Total rubella - number of reported cases,https://www.who.int/data/gho/indicator-metadata-registry/imr-details/59,PUBLISHED,Published,,2019,2019,,SEAR,South-East Asia,,WB_LMI,2019,2019,Lower-middle-income,,NPL,Nepal,,44,44.00000,,,,,
WHS3_57,Total rubella - number of reported cases,https://www.who.int/data/gho/indicator-metadata-registry/imr-details/59,PUBLISHED,Published,,2020,2020,,SEAR,South-East Asia,,WB_LMI,2020,2020,Lower-middle-income,,NPL,Nepal,,37,37.00000,,,,,
WHS3_57,Total rubella - number of reported cases,https://www.who.int/data/gho/indicator-metadata-registry/imr-details/59,PUBLISHED,Published,,2021,2021,,SEAR,South-East Asia,,WB_LMI,2021,2021,Lower-middle-income,,NPL,Nepal,,28,28.00000,,,,,
WHS3_62,Measles - number of reported cases,https://www.who.int/data/gho/indicator-metadata-registry/imr-details/60,PUBLISHED,Published,,1976,1976,,SEAR,South-East Asia,,WB_LMI,1976,1976,Lower-middle-income,,NPL,Nepal,,225,225.00000,,,,,
WHS3_62,Measles - number of reported cases,https://www.who.int/data/gho/indicator-metadata-registry/imr-details/60,PUBLISHED,Published,,1977,1977,,SEAR,South-East Asia,,WB_LMI,1977,1977,Lower-middle-income,,NPL,Nepal,,307,307.00000,,,,,
WHS3_62,Measles - number of reported cases,https://www.who.int/data/gho/indicator-metadata-registry/imr-details/60,PUBLISHED,Published,,1978,1978,,SEAR,South-East Asia,,WB_LMI,1978,1978,Lower-middle-income,,NPL,Nepal,,854,854.00000,,,,,
WHS3_62,Measles - number of reported cases,https://www.who.int/data/gho/indicator-metadata-registry/imr-details/60,PUBLISHED,Published,,1979,1979,,SEAR,South-East Asia,,WB_LMI,1979,1979,Lower-middle-income,,NPL,Nepal,,1025,1025.00000,,,,,
WHS3_62,Measles - number of reported cases,https://www.who.int/data/gho/indicator-metadata-registry/imr-details/60,PUBLISHED,Published,,1980,1980,,SEAR,South-East Asia,,WB_LMI,1980,1980,Lower-middle-income,,NPL,Nepal,,561,561.00000,,,,,
WHS3_62,Measles - number of reported cases,https://www.who.int/data/gho/indicator-metadata-registry/imr-details/60,PUBLISHED,Published,,1981,1981,,SEAR,South-East Asia,,WB_LMI,1981,1981,Lower-middle-income,,NPL,Nepal,,254,254.00000,,,,,
WHS3_62,Measles - number of reported cases,https://www.who.int/data/gho/indicator-metadata-registry/imr-details/60,PUBLISHED,Published,,1982,1982,,SEAR,South-East Asia,,WB_LMI,1982,1982,Lower-middle-income,,NPL,Nepal,,1268,1268.00000,,,,,
WHS3_62,Measles - number of reported cases,https://www.who.int/data/gho/indicator-metadata-registry/imr-details/60,PUBLISHED,Published,,1983,1983,,SEAR,South-East Asia,,WB_LMI,1983,1983,Lower-middle-income,,NPL,Nepal,,1117,1117.00000,,,,,
WHS3_62,Measles - number of reported cases,https://www.who.int/data/gho/indicator-metadata-registry/imr-details/60,PUBLISHED,Published,,1984,1984,,SEAR,South-East Asia,,WB_LMI,1984,1984,Lower-middle-income,,NPL,Nepal,,2042,2042.00000,,,,,
WHS3_62,Measles - number of reported cases,https://www.who.int/data/gho/indicator-metadata-registry/imr-details/60,PUBLISHED,Published,,1985,1985,,SEAR,South-East Asia,,WB_LMI,1985,1985,Lower-middle-income,,NPL,Nepal,,952,952.00000,,,,,
WHS3_62,Measles - number of reported cases,https://www.who.int/data/gho/indicator-metadata-registry/imr-details/60,PUBLISHED,Published,,1986,1986,,SEAR,South-East Asia,,WB_LMI,1986,1986,Lower-middle-income,,NPL,Nepal,,68,68.00000,,,,,
WHS3_62,Measles - number of reported cases,https://www.who.int/data/gho/indicator-metadata-registry/imr-details/60,PUBLISHED,Published,,1987,1987,,SEAR,South-East Asia,,WB_LMI,1987,1987,Lower-middle-income,,NPL,Nepal,,190,190.00000,,,,,
WHS3_62,Measles - number of reported cases,https://www.who.int/data/gho/indicator-metadata-registry/imr-details/60,PUBLISHED,Published,,1988,1988,,SEAR,South-East Asia,,WB_LMI,1988,1988,Lower-middle-income,,NPL,Nepal,,193,193.00000,,,,,
WHS3_62,Measles - number of reported cases,https://www.who.int/data/gho/indicator-metadata-registry/imr-details/60,PUBLISHED,Published,,1989,1989,,SEAR,South-East Asia,,WB_LMI,1989,1989,Lower-middle-income,,NPL,Nepal,,171,171.00000,,,,,
WHS3_62,Measles - number of reported cases,https://www.who.int/data/gho/indicator-metadata-registry/imr-details/60,PUBLISHED,Published,,1990,1990,,SEAR,South-East Asia,,WB_LMI,1990,1990,Lower-middle-income,,NPL,Nepal,,182,182.00000,,,,,
WHS3_62,Measles - number of reported cases,https://www.who.int/data/gho/indicator-metadata-registry/imr-details/60,PUBLISHED,Published,,1991,1991,,SEAR,South-East Asia,,WB_LMI,1991,1991,Lower-middle-income,,NPL,Nepal,,93,93.00000,,,,,
WHS3_62,Measles - number of reported cases,https://www.who.int/data/gho/indicator-metadata-registry/imr-details/60,PUBLISHED,Published,,1992,1992,,SEAR,South-East Asia,,WB_LMI,1992,1992,Lower-middle-income,,NPL,Nepal,,136,136.00000,,,,,
WHS3_62,Measles - number of reported cases,https://www.who.int/data/gho/indicator-metadata-registry/imr-details/60,PUBLISHED,Published,,1993,1993,,SEAR,South-East Asia,,WB_LMI,1993,1993,Lower-middle-income,,NPL,Nepal,,59,59.00000,,,,,
WHS3_62,Measles - number of reported cases,https://www.who.int/data/gho/indicator-metadata-registry/imr-details/60,PUBLISHED,Published,,1994,1994,,SEAR,South-East Asia,,WB_LMI,1994,1994,Lower-middle-income,,NPL,Nepal,,1401,1401.00000,,,,,
WHS3_62,Measles - number of reported cases,https://www.who.int/data/gho/indicator-metadata-registry/imr-details/60,PUBLISHED,Published,,1995,1995,,SEAR,South-East Asia,,WB_LMI,1995,1995,Lower-middle-income,,NPL,Nepal,,4810,4810.00000,,,,,
WHS3_62,Measles - number of reported cases,https://www.who.int/data/gho/indicator-metadata-registry/imr-details/60,PUBLISHED,Published,,1996,1996,,SEAR,South-East Asia,,WB_LMI,1996,1996,Lower-middle-income,,NPL,Nepal,,7213,7213.00000,,,,,
WHS3_62,Measles - number of reported cases,https://www.who.int/data/gho/indicator-metadata-registry/imr-details/60,PUBLISHED,Published,,1997,1997,,SEAR,South-East Asia,,WB_LMI,1997,1997,Lower-middle-income,,NPL,Nepal,,12677,12677.00000,,,,,
WHS3_62,Measles - number of reported cases,https://www.who.int/data/gho/indicator-metadata-registry/imr-details/60,PUBLISHED,Published,,1998,1998,,SEAR,South-East Asia,,WB_LMI,1998,1998,Lower-middle-income,,NPL,Nepal,,5771,5771.00000,,,,,
WHS3_62,Measles - number of reported cases,https://www.who.int/data/gho/indicator-metadata-registry/imr-details/60,PUBLISHED,Published,,2000,2000,,SEAR,South-East Asia,,WB_LMI,2000,2000,Lower-middle-income,,NPL,Nepal,,9397,9397.00000,,,,,
WHS3_62,Measles - number of reported cases,https://www.who.int/data/gho/indicator-metadata-registry/imr-details/60,PUBLISHED,Published,,2001,2001,,SEAR,South-East Asia,,WB_LMI,2001,2001,Lower-middle-income,,NPL,Nepal,,10849,10849.00000,,,,,
WHS3_62,Measles - number of reported cases,https://www.who.int/data/gho/indicator-metadata-registry/imr-details/60,PUBLISHED,Published,,2002,2002,,SEAR,South-East Asia,,WB_LMI,2002,2002,Lower-middle-income,,NPL,Nepal,,6749,6749.00000,,,,,
WHS3_62,Measles - number of reported cases,https://www.who.int/data/gho/indicator-metadata-registry/imr-details/60,PUBLISHED,Published,,2003,2003,,SEAR,South-East Asia,,WB_LMI,2003,2003,Lower-middle-income,,NPL,Nepal,,13344,13344.00000,,,,,
WHS3_62,Measles - number of reported cases,https://www.who.int/data/gho/indicator-metadata-registry/imr-details/60,PUBLISHED,Published,,2004,2004,,SEAR,South-East Asia,,WB_LMI,2004,2004,Lower-middle-income,,NPL,Nepal,,12074,12074.00000,,,,,
WHS3_62,Measles - number of reported cases,https://www.who.int/data/gho/indicator-metadata-registry/imr-details/60,PUBLISHED,Published,,2005,2005,,SEAR,South-East Asia,,WB_LMI,2005,2005,Lower-middle-income,,NPL,Nepal,,5023,5023.00000,,,,,
WHS3_62,Measles - number of reported cases,https://www.who.int/data/gho/indicator-metadata-registry/imr-details/60,PUBLISHED,Published,,2006,2006,,SEAR,South-East Asia,,WB_LMI,2006,2006,Lower-middle-income,,NPL,Nepal,,2838,2838.00000,,,,,
WHS3_62,Measles - number of reported cases,https://www.who.int/data/gho/indicator-metadata-registry/imr-details/60,PUBLISHED,Published,,2007,2007,,SEAR,South-East Asia,,WB_LMI,2007,2007,Lower-middle-income,,NPL,Nepal,,1415,1415.00000,,,,,
WHS3_62,Measles - number of reported cases,https://www.who.int/data/gho/indicator-metadata-registry/imr-details/60,PUBLISHED,Published,,2008,2008,,SEAR,South-East Asia,,WB_LMI,2008,2008,Lower-middle-income,,NPL,Nepal,,2089,2089.00000,,,,,
WHS3_62,Measles - number of reported cases,https://www.who.int/data/gho/indicator-metadata-registry/imr-details/60,PUBLISHED,Published,,2009,2009,,SEAR,South-East Asia,,WB_LMI,2009,2009,Lower-middle-income,,NPL,Nepal,,189,189.00000,,,,,
WHS3_62,Measles - number of reported cases,https://www.who.int/data/gho/indicator-metadata-registry/imr-details/60,PUBLISHED,Published,,2010,2010,,SEAR,South-East Asia,,WB_LMI,2010,2010,Lower-middle-income,,NPL,Nepal,,190,190.00000,,,,,
WHS3_62,Measles - number of reported cases,https://www.who.int/data/gho/indicator-metadata-registry/imr-details/60,PUBLISHED,Published,,2011,2011,,SEAR,South-East Asia,,WB_LMI,2011,2011,Lower-middle-income,,NPL,Nepal,,2359,2359.00000,,,,,
WHS3_62,Measles - number of reported cases,https://www.who.int/data/gho/indicator-metadata-registry/imr-details/60,PUBLISHED,Published,,2012,2012,,SEAR,South-East Asia,,WB_LMI,2012,2012,Lower-middle-income,,NPL,Nepal,,3362,3362.00000,,,,,
WHS3_62,Measles - number of reported cases,https://www.who.int/data/gho/indicator-metadata-registry/imr-details/60,PUBLISHED,Published,,2013,2013,,SEAR,South-East Asia,,WB_LMI,2013,2013,Lower-middle-income,,NPL,Nepal,,1861,1861.00000,,,,,
WHS3_62,Measles - number of reported cases,https://www.who.int/data/gho/indicator-metadata-registry/imr-details/60,PUBLISHED,Published,,2014,2014,,SEAR,South-East Asia,,WB_LMI,2014,2014,Lower-middle-income,,NPL,Nepal,,1279,1279.00000,,,,,
WHS3_62,Measles - number of reported cases,https://www.who.int/data/gho/indicator-metadata-registry/imr-details/60,PUBLISHED,Published,,2015,2015,,SEAR,South-East Asia,,WB_LMI,2015,2015,Lower-middle-income,,NPL,Nepal,,1599,1599.00000,,,,,
WHS3_62,Measles - number of reported cases,https://www.who.int/data/gho/indicator-metadata-registry/imr-details/60,PUBLISHED,Published,,2016,2016,,SEAR,South-East Asia,,WB_LMI,2016,2016,Lower-middle-income,,NPL,Nepal,,1269,1269.00000,,,,,
WHS3_62,Measles - number of reported cases,https://www.who.int/data/gho/indicator-metadata-registry/imr-details/60,PUBLISHED,Published,,2017,2017,,SEAR,South-East Asia,,WB_LMI,2017,2017,Lower-middle-income,,NPL,Nepal,,99,99.00000,,,,,
WHS3_62,Measles - number of reported cases,https://www.who.int/data/gho/indicator-metadata-registry/imr-details/60,PUBLISHED,Published,,2018,2018,,SEAR,South-East Asia,,WB_LMI,2018,2018,Lower-middle-income,,NPL,Nepal,,260,260.00000,,,,,
WHS3_62,Measles - number of reported cases,https://www.who.int/data/gho/indicator-metadata-registry/imr-details/60,PUBLISHED,Published,,2019,2019,,SEAR,South-East Asia,,WB_LMI,2019,2019,Lower-middle-income,,NPL,Nepal,,430,430.00000,,,,,
WHS3_62,Measles - number of reported cases,https://www.who.int/data/gho/indicator-metadata-registry/imr-details/60,PUBLISHED,Published,,2020,2020,,SEAR,South-East Asia,,WB_LMI,2020,2020,Lower-middle-income,,NPL,Nepal,,388,388.00000,,,,,
WHS3_62,Measles - number of reported cases,https://www.who.int/data/gho/indicator-metadata-registry/imr-details/60,PUBLISHED,Published,,2021,2021,,SEAR,South-East Asia,,WB_LMI,2021,2021,Lower-middle-income,,NPL,Nepal,,143,143.00000,,,,,
